1960,1961,1962,1963,1964,1965,1966,1967,1968,1969,1970,1971,1972,1973,1974,1975,1976,1977,1978,1979,1980,1981,1982,1983,1984,1985,1986,1987,1988,1989,1990,1991,1992,1993,1994,1995,1996,1997,1998,1999,2000,2001,2002,2003,2004,2005,2006,2007,2008,2009,2010,2011,2012,2013,2014,2015,2016,2017,2018,2019,Country Name,Country Code,Indicator Name,Indicator Code,Rank 2012,Rank 2016,Rank 2019
,,,,,,,,,,,,,,,,,,,,,,,,,,,,,,,,,,,,,,,,,,,,,,,,,,,,,,,,,,,,Aruba,ABW,Proportion of seats held by women in national parliaments (%),SG.GEN.PARL.ZS,,,
,,,,,,,,,,,,,,,,,,,,,,,,,,,,,,3.7,,,,,,,,,,,,,,,27.3,27.3,27.7,27.7,27.3,27.7,27.7,27.7,27.7,27.7,27.7,27.7,27.7,27.7,27.87,Afghanistan,AFG,Proportion of seats held by women in national parliaments (%),SG.GEN.PARL.ZS,,,
,,,,,,,,,,,,,,,,,,,,,,,,,,,,,,14.5,,,,,,,9.5,15.5,15.5,15.5,15.5,15.5,15.5,15,15,15,15,37.3,38.6,38.6,38.2,34.1,34.1,36.8,36.8,36.8,38.2,30.5,30,Angola,AGO,Proportion of seats held by women in national parliaments (%),SG.GEN.PARL.ZS,,,
,,,,,,,,,,,,,,,,,,,,,,,,,,,,,,28.8,,,,,,,,,5.2,5.2,5.7,5.7,5.7,6.4,7.1,7.1,7.1,7.1,16.4,16.4,15.7,15.7,17.9,20,20.7,22.9,27.9,27.9,29.51,Albania,ALB,Proportion of seats held by women in national parliaments (%),SG.GEN.PARL.ZS,,,
,,,,,,,,,,,,,,,,,,,,,,,,,,,,,,,,,,,,,7.1,7.1,7.1,7.1,14.3,14.3,14.3,14.3,28.6,28.6,28.6,25,35.7,35.7,50,50,50,50,39.3,32.1,32.1,32.1,50,Andorra,AND,Proportion of seats held by women in national parliaments (%),SG.GEN.PARL.ZS,,,
,,,,,,,,,,,,,,,,,,,,,,,,,,,,,,3.891439206,,,,,,,3.757834974,3.474235372,3.623432089,3.768103117,4.610597637,6.132351922,6.043917526,6.702670623,7.041782323,9.357819225,9.762156347,9.810925173,9.91258881,11.92392572,11.3352657,14.87201835,17.49244457,17.79396971,18.77915119,18.85264985,18.8210344,19.01797882,18.00194473,Arab World,ARB,Proportion of seats held by women in national parliaments (%),SG.GEN.PARL.ZS,,,
,,,,,,,,,,,,,,,,,,,,,,,,,,,,,,0,,,,,,,0,0,0,0,0,0,0,0,0,5,22.5,22.5,22.5,22.5,17.5,17.5,17.5,17.5,22.5,22.5,22.5,22.5,22.5,United Arab Emirates,ARE,Proportion of seats held by women in national parliaments (%),SG.GEN.PARL.ZS,,,
,,,,,,,,,,,,,,,,,,,,,,,,,,,,,,6.3,,,,,,,27.6,27.6,,26.5,,30.7,30.7,33.7,36.2,35,40,40,38.5,38.5,37.4,37.4,,36.6,,35.8,38.9,38.9,38.91,Argentina,ARG,Proportion of seats held by women in national parliaments (%),SG.GEN.PARL.ZS,,,
,,,,,,,,,,,,,,,,,,,,,,,,,,,,,,35.6,,,,,,,6.3,6.3,3.1,3.1,3.1,3.1,4.6,5.3,5.3,5.3,9.2,8.4,9.2,9.2,8.4,10.7,10.7,10.7,10.7,10.7,18.1,18.1,24.24,Armenia,ARM,Proportion of seats held by women in national parliaments (%),SG.GEN.PARL.ZS,,,
,,,,,,,,,,,,,,,,,,,,,,,,,,,,,,,,,,,,,,,,,,,,,,,,,,,,,,,,,,,,American Samoa,ASM,Proportion of seats held by women in national parliaments (%),SG.GEN.PARL.ZS,,,
,,,,,,,,,,,,,,,,,,,,,,,,,,,,,,0,,,,,,,5.3,5.3,,5.3,5.3,5.3,5.3,10.5,10.5,10.5,10.5,10.5,10.5,10.5,10.5,10.5,10.5,11.1,11.1,11.1,11.1,11.1,11.11,Antigua and Barbuda,ATG,Proportion of seats held by women in national parliaments (%),SG.GEN.PARL.ZS,,,
,,,,,,,,,,,,,,,,,,,,,,,,,,,,,,6.1,,,,,,,15.5,15.5,22.4,23,,25.3,25.3,24.7,24.7,24.7,26.7,26.7,27.3,24.7,24.7,24.7,26,26,26.7,28.7,28.7,28.7,30.46,Australia,AUS,Proportion of seats held by women in national parliaments (%),SG.GEN.PARL.ZS,,,
,,,,,,,,,,,,,,,,,,,,,,,,,,,,,,11.5,,,,,,,26.2,26.2,,26.8,26.8,,33.9,33.9,33.9,32.2,32.8,27.3,27.9,27.9,27.9,27.9,33.3,32.2,30.6,30.6,30.6,34.4,39.34,Austria,AUT,Proportion of seats held by women in national parliaments (%),SG.GEN.PARL.ZS,,,
,,,,,,,,,,,,,,,,,,,,,,,,,,,,,,,,,,,,,12,12,12,,10.5,10.5,10.5,10.5,13,11.3,11.4,11.4,11.4,16,16,16,16,15.6,16.9,16.8,16.8,16.8,16.81,Azerbaijan,AZE,Proportion of seats held by women in national parliaments (%),SG.GEN.PARL.ZS,,,
,,,,,,,,,,,,,,,,,,,,,,,,,,,,,,,,,,,,,,11.9,6,14.4,14.4,18.4,18.4,18.4,30.5,30.5,30.5,30.5,31.4,32.1,30.5,30.5,30.5,30.5,36.4,36.4,36.4,36.4,36.36,Burundi,BDI,Proportion of seats held by women in national parliaments (%),SG.GEN.PARL.ZS,,,
,,,,,,,,,,,,,,,,,,,,,,,,,,,,,,8.5,,,,,,,12.7,12.7,23.3,23.3,23.3,23.3,35.3,34.7,34.7,34.7,35.3,35.3,38,39.3,38,38,38,39.3,39.3,39.3,38,38,42,Belgium,BEL,Proportion of seats held by women in national parliaments (%),SG.GEN.PARL.ZS,,,
,,,,,,,,,,,,,,,,,,,,,,,,,,,,,,2.9,,,,,,,7.2,7.2,6,6,6,6,6,7.2,7.2,7.2,10.8,10.8,10.8,10.8,8.4,8.4,8.4,8.4,7.2,7.2,7.2,7.2,7.23,Benin,BEN,Proportion of seats held by women in national parliaments (%),SG.GEN.PARL.ZS,,,
,,,,,,,,,,,,,,,,,,,,,,,,,,,,,,,,,,,,,9,8.1,8.1,8.1,8.1,11.7,11.7,11.7,11.7,11.7,15.3,15.3,15.3,15.3,15.3,15.7,15.7,18.9,9.4,9.4,11,11,13.39,Burkina Faso,BFA,Proportion of seats held by women in national parliaments (%),SG.GEN.PARL.ZS,,,
,,,,,,,,,,,,,,,,,,,,,,,,,,,,,,10.3,,,,,,,9.1,9.1,9.1,9.1,,2,2,2,14.8,15.1,,6.3,18.6,18.6,19.7,19.7,19.7,19.8,20,20,20.3,20.3,20.63,Bangladesh,BGD,Proportion of seats held by women in national parliaments (%),SG.GEN.PARL.ZS,,,
,,,,,,,,,,,,,,,,,,,,,,,,,,,,,,21,,,,,,,10.8,10.8,10.8,10.8,26.2,26.2,26.2,26.3,22.1,22.1,21.7,21.7,20.8,20.8,20.8,22.9,24.6,20,20.4,20.4,23.8,23.8,25.83,Bulgaria,BGR,Proportion of seats held by women in national parliaments (%),SG.GEN.PARL.ZS,,,
,,,,,,,,,,,,,,,,,,,,,,,,,,,,,,,,,,,,,,,,,,,0,0,0,2.5,2.5,2.5,2.5,2.5,10,10,10,7.5,7.5,7.5,7.5,7.5,15,Bahrain,BHR,Proportion of seats held by women in national parliaments (%),SG.GEN.PARL.ZS,,,
,,,,,,,,,,,,,,,,,,,,,,,,,,,,,,4.1,,,,,,,15,15,15,15,15,,20,20,20,20,12.2,12.2,12.2,12.2,12.2,13.2,13.2,13.2,13.2,13.2,12.8,12.8,12.82,"Bahamas, The",BHS,Proportion of seats held by women in national parliaments (%),SG.GEN.PARL.ZS,,,
,,,,,,,,,,,,,,,,,,,,,,,,,,,,,,,,,,,,,,,,,7.1,,16.7,16.7,16.7,14.3,11.9,11.9,19,16.7,21.4,21.4,21.4,21.4,21.4,21.4,21.4,21.4,21.43,Bosnia and Herzegovina,BIH,Proportion of seats held by women in national parliaments (%),SG.GEN.PARL.ZS,,,
,,,,,,,,,,,,,,,,,,,,,,,,,,,,,,,,,,,,,,,,,10.3,10.3,10.3,29.4,29.1,29.1,29.1,31.8,31.8,31.8,31.8,26.6,26.6,26.6,27.3,34.5,34.5,34.5,34.55,Belarus,BLR,Proportion of seats held by women in national parliaments (%),SG.GEN.PARL.ZS,,,
,,,,,,,,,,,,,,,,,,,,,,,,,,,,,,0,,,,,,,3.4,3.4,6.9,6.9,6.9,6.9,3.3,6.7,6.7,6.7,3.3,0,0,0,0,3.1,3.1,3.1,3.1,3.1,9.4,9.4,9.38,Belize,BLZ,Proportion of seats held by women in national parliaments (%),SG.GEN.PARL.ZS,,,
,,,,,,,,,,,,,,,,,,,,,,,,,,,,,,,,,,,,,,,,,,,,,,,,,,,,,,,,,,,,Bermuda,BMU,Proportion of seats held by women in national parliaments (%),SG.GEN.PARL.ZS,,,
,,,,,,,,,,,,,,,,,,,,,,,,,,,,,,9.2,,,,,,,,,11.5,11.5,11.5,18.5,18.5,19.2,16.9,16.9,16.9,16.9,22.3,25.4,25.4,25.4,25.4,53.1,53.1,53.1,53.1,53.1,53.08,Bolivia,BOL,Proportion of seats held by women in national parliaments (%),SG.GEN.PARL.ZS,,,
,,,,,,,,,,,,,,,,,,,,,,,,,,,,,,5.3,,,,,,,6.6,6.6,5.7,5.7,6.8,6.2,8.6,8.6,8.6,8.8,9,9,8.8,8.6,8.6,8.6,8.6,9.9,9.9,9.9,10.7,10.7,15.01,Brazil,BRA,Proportion of seats held by women in national parliaments (%),SG.GEN.PARL.ZS,,,
,,,,,,,,,,,,,,,,,,,,,,,,,,,,,,3.7,,,,,,,10.7,10.7,10.7,10.7,10.7,10.7,13.3,13.3,13.3,13.3,13.3,10,10,10,10,10,16.7,16.7,16.7,16.7,16.7,20,20,Barbados,BRB,Proportion of seats held by women in national parliaments (%),SG.GEN.PARL.ZS,,,
,,,,,,,,,,,,,,,,,,,,,,,,,,,,,,,,,,,,,,,,,,,,,,,,,,,,,,,,6.5,9.1,9.1,9.09,Brunei Darussalam,BRN,Proportion of seats held by women in national parliaments (%),SG.GEN.PARL.ZS,,,
,,,,,,,,,,,,,,,,,,,,,,,,,,,,,,2,,,,,,,2,2,2,9.3,9.3,9.3,9.3,9.2,9.3,2.7,2.7,8.5,8.5,8.5,8.5,8.5,6.4,8.5,8.5,8.5,8.5,8.5,14.89,Bhutan,BTN,Proportion of seats held by women in national parliaments (%),SG.GEN.PARL.ZS,,,
,,,,,,,,,,,,,,,,,,,,,,,,,,,,,,5,,,,,,,8.5,8.5,,17,17,17,17,11.1,11.1,11.1,11.1,11.1,7.9,7.9,7.9,7.9,7.9,9.5,9.5,9.5,9.5,9.5,9.52,Botswana,BWA,Proportion of seats held by women in national parliaments (%),SG.GEN.PARL.ZS,,,
,,,,,,,,,,,,,,,,,,,,,,,,,,,,,,3.8,,,,,,,3.5,3.5,7.3,7.3,7.3,7.3,,,10.5,10.5,10.5,10.5,9.6,9.6,12.5,12.5,,,,7.2,8.6,8.6,8.57,Central African Republic,CAF,Proportion of seats held by women in national parliaments (%),SG.GEN.PARL.ZS,,,
,,,,,,,,,,,,,,,,,,,,,,,,,,,,,,13.3,,,,,,,20.6,20.6,20.6,,20.6,20.6,20.6,21.1,21.1,20.8,21.3,22.1,22.1,22.1,24.8,24.7,24.7,25.1,26,26,26.3,27,26.95,Canada,CAN,Proportion of seats held by women in national parliaments (%),SG.GEN.PARL.ZS,,,
,,,,,,,,,,,,,,,,,,,,,,,,,,,,,,21.85374613,,,,,,,11.47600686,10.96332476,11.47613539,12.9412649,15.55042301,16.10194585,16.24071396,17.13930242,16.72378723,17.09978732,16.83147597,16.80611465,17.05800425,17.02530786,18.42124308,19.25792507,19.20119292,19.69763181,20.11644265,19.8952509,22.12341509,22.02646923,23.59985192,Central Europe and the Baltics,CEB,Proportion of seats held by women in national parliaments (%),SG.GEN.PARL.ZS,,,
,,,,,,,,,,,,,,,,,,,,,,,,,,,,,,14,,,,,,,21,21,22.5,23,23,23,25,25,25,25,28.5,28.5,29,29,28.5,29,29,31,32,32,32.5,32.5,32.5,Switzerland,CHE,Proportion of seats held by women in national parliaments (%),SG.GEN.PARL.ZS,,,
,,,,,,,,,,,,,,,,,,,,,,,,,,,,,,,,,,,,,,,,,,,,,,,,,,,,,,,,,,,,Channel Islands,CHI,Proportion of seats held by women in national parliaments (%),SG.GEN.PARL.ZS,,,
,,,,,,,,,,,,,,,,,,,,,,,,,,,,,,,,,,,,,7.5,10.8,10.8,10.8,10.8,12.5,12.5,12.5,15,15,15,15,14.2,14.2,14.2,14.2,14.2,15.8,15.8,15.8,15.8,22.6,22.58,Chile,CHL,Proportion of seats held by women in national parliaments (%),SG.GEN.PARL.ZS,,,
,,,,,,,,,,,,,,,,,,,,,,,,,,,,,,21.3,,,,,,,,21.8,21.8,21.8,21.8,21.8,20.2,20.2,20.3,20.3,20.6,21.3,21.3,21.3,21.3,21.3,23.4,23.4,23.6,23.6,24.2,24.9,24.94,China,CHN,Proportion of seats held by women in national parliaments (%),SG.GEN.PARL.ZS,,,
,,,,,,,,,,,,,,,,,,,,,,,,,,,,,,5.7,,,,,,,8,8,8,,8.5,8.5,8.5,8.5,8.5,8.5,8.9,8.9,8.9,8.9,11,10.4,10.4,9.4,9.2,9.2,10.6,10.6,10.98,Cote d'Ivoire,CIV,Proportion of seats held by women in national parliaments (%),SG.GEN.PARL.ZS,,,
,,,,,,,,,,,,,,,,,,,,,,,,,,,,,,14.4,,,,,,,5.6,5.6,5.6,5.6,5.6,8.9,8.9,8.9,8.9,8.9,13.9,13.9,13.9,13.9,13.9,13.9,31.1,31.1,31.1,31.1,31.1,31.1,31.11,Cameroon,CMR,Proportion of seats held by women in national parliaments (%),SG.GEN.PARL.ZS,,,
,,,,,,,,,,,,,,,,,,,,,,,,,,,,,,5.4,,,,,,,,,,,,,,12,12,8.4,8.4,8.4,8.4,8.4,,8.9,8.9,10.6,8.9,8.9,8.9,8.9,10,"Congo, Dem. Rep.",COD,Proportion of seats held by women in national parliaments (%),SG.GEN.PARL.ZS,,,
,,,,,,,,,,,,,,,,,,,,,,,,,,,,,,14.3,,,,,,,,12,12,12,12,,8.5,8.5,8.5,8.5,7.3,7.3,7.3,7.3,7.3,7.4,7.4,7.4,7.4,7.4,11.3,11.3,11.26,"Congo, Rep.",COG,Proportion of seats held by women in national parliaments (%),SG.GEN.PARL.ZS,,,
,,,,,,,,,,,,,,,,,,,,,,,,,,,,,,4.5,,,,,,,11.7,,11.8,11.8,11.8,12,12,12,12.1,8.4,8.4,8.4,8.4,12.7,12.1,12.1,12.1,19.9,19.9,19.9,18.7,18.1,18.71,Colombia,COL,Proportion of seats held by women in national parliaments (%),SG.GEN.PARL.ZS,,,
,,,,,,,,,,,,,,,,,,,,,,,,,,,,,,0,,,,,,,0,0,,,,,,3,3,3,3,3,0,3,3,3,3,3,3,3,6.1,6.1,6.06,Comoros,COM,Proportion of seats held by women in national parliaments (%),SG.GEN.PARL.ZS,,,
,,,,,,,,,,,,,,,,,,,,,,,,,,,,,,12,,,,,,,11.1,11.1,11.1,11.1,11.1,11.1,11.1,11.1,11.1,15.3,18.1,18.1,18.1,18.1,20.8,20.8,20.8,20.8,20.8,23.6,23.6,23.6,23.61,Cabo Verde,CPV,Proportion of seats held by women in national parliaments (%),SG.GEN.PARL.ZS,,,
,,,,,,,,,,,,,,,,,,,,,,,,,,,,,,10.5,,,,,,,15.8,19.3,19.3,19.3,19.3,35.1,35.1,35.1,35.1,38.6,36.8,36.8,36.8,38.6,38.6,38.6,38.6,33.3,33.3,33.3,35.1,45.6,45.61,Costa Rica,CRI,Proportion of seats held by women in national parliaments (%),SG.GEN.PARL.ZS,,,
,,,,,,,,,,,,,,,,,,,,,,,,,,,,,,11.0007177,,,,,,,11.57465565,12.03079179,12.91493671,13.23064516,14.58128205,,15.9295612,17.83009259,17.83101852,17.24643678,18.09117647,17.48609865,17.3731377,15.24394619,15.84977679,16.18269663,17.0811236,17.15869074,19.73363229,20.41165919,21.26510067,21.93624161,22.37049217,Caribbean small states,CSS,Proportion of seats held by women in national parliaments (%),SG.GEN.PARL.ZS,,,
,,,,,,,,,,,,,,,,,,,,,,,,,,,,,,33.9,,,,,,,22.8,27.6,27.6,27.6,27.6,27.6,36,36,36,36,36,43.2,43.2,43.2,45.2,45.2,48.9,48.9,48.9,48.9,48.9,53.2,53.22,Cuba,CUB,Proportion of seats held by women in national parliaments (%),SG.GEN.PARL.ZS,,,
,,,,,,,,,,,,,,,,,,,,,,,,,,,,,,,,,,,,,,,,,,,,,,,,,,,,,,,,,,,,Curacao,CUW,Proportion of seats held by women in national parliaments (%),SG.GEN.PARL.ZS,,,
,,,,,,,,,,,,,,,,,,,,,,,,,,,,,,,,,,,,,,,,,,,,,,,,,,,,,,,,,,,,Cayman Islands,CYM,Proportion of seats held by women in national parliaments (%),SG.GEN.PARL.ZS,,,
,,,,,,,,,,,,,,,,,,,,,,,,,,,,,,1.8,,,,,,,5.4,5.4,5.4,7.1,10.7,10.7,10.7,16.1,16.1,14.3,14.3,14.3,12.5,12.5,10.7,10.7,10.7,12.5,12.5,17.9,17.9,17.9,17.86,Cyprus,CYP,Proportion of seats held by women in national parliaments (%),SG.GEN.PARL.ZS,,,
,,,,,,,,,,,,,,,,,,,,,,,,,,,,,,,,,,,,,15,15,15,15,15,17,17,17,17,15.5,15.5,15.5,15.5,22,22,22,19.5,19.5,20,20,20,22,22.5,Czech Republic,CZE,Proportion of seats held by women in national parliaments (%),SG.GEN.PARL.ZS,,,
,,,,,,,,,,,,,,,,,,,,,,,,,,,,,,,,,,,,,26.2,26.2,30.9,30.9,31.1,32.2,32.2,32.8,31.8,31.6,31.6,32.2,32.8,32.8,32.9,32.9,36.5,36.5,36.5,36.5,37,30.7,30.89,Germany,DEU,Proportion of seats held by women in national parliaments (%),SG.GEN.PARL.ZS,,,
,,,,,,,,,,,,,,,,,,,,,,,,,,,,,,0,,,,,,,,0,0,0,0,0,10.8,10.8,10.8,10.8,13.8,13.8,13.8,13.8,13.8,13.8,12.7,12.7,12.7,12.7,10.8,26.2,26.15,Djibouti,DJI,Proportion of seats held by women in national parliaments (%),SG.GEN.PARL.ZS,,,
,,,,,,,,,,,,,,,,,,,,,,,,,,,,,,10,,,,,,,9.4,9.4,9.4,,18.8,18.8,18.8,19.4,12.9,12.9,16.1,18.8,14.3,12.5,12.5,12.5,12.5,12.9,21.9,21.9,25,25,25,Dominica,DMA,Proportion of seats held by women in national parliaments (%),SG.GEN.PARL.ZS,,,
,,,,,,,,,,,,,,,,,,,,,,,,,,,,,,30.7,,,,,,,33,37.4,37.4,37.4,,38,38,38,36.9,36.9,38,38,38,38,39.1,39.1,39.1,39.1,37.4,37.4,37.4,37.4,39.11,Denmark,DNK,Proportion of seats held by women in national parliaments (%),SG.GEN.PARL.ZS,,,
,,,,,,,,,,,,,,,,,,,,,,,,,,,,,,7.5,,,,,,,11.7,16.1,16.1,16.1,16.1,17.3,17.3,17.3,17.3,19.7,19.7,19.7,19.7,20.8,20.8,20.8,20.8,20.8,20.8,26.8,26.8,26.8,26.84,Dominican Republic,DOM,Proportion of seats held by women in national parliaments (%),SG.GEN.PARL.ZS,,,
,,,,,,,,,,,,,,,,,,,,,,,,,,,,,,2.4,,,,,,,3.2,3.2,3.2,3.4,3.4,6.2,6.2,6.2,6.2,6.2,7.7,7.7,7.7,7.7,8,31.6,31.6,31.6,31.6,31.6,25.8,25.8,25.76,Algeria,DZA,Proportion of seats held by women in national parliaments (%),SG.GEN.PARL.ZS,,,
,,,,,,,,,,,,,,,,,,,,,,,,,,,,,,17.2139987,,,,,,,,17.5318234,18.52543214,17.33372703,17.57561132,18.05923362,16.84143007,17.12956642,17.26538344,17.62555823,17.96756967,18.23610293,18.49531298,17.87655081,17.8682336,18.18328791,19.27174349,19.02103228,19.70945085,19.81338196,20.06646378,20.58380448,20.83906687,East Asia & Pacific (excluding high income),EAP,Proportion of seats held by women in national parliaments (%),SG.GEN.PARL.ZS,,,
,,,,,,,,,,,,,,,,,,,,,,,,,,,,,,6.866834571,,,,,,,8.336567672,8.846804015,8.810486304,9.674273388,9.506773229,11.07769882,11.25451539,12.15535012,12.88984893,13.43976575,14.72091453,15.54532447,16.99531544,17.42335887,17.56534857,19.30140982,20.3848683,21.07095515,22.16444918,22.30129571,22.38378126,22.69391592,22.93272617,Early-demographic dividend,EAR,Proportion of seats held by women in national parliaments (%),SG.GEN.PARL.ZS,,,
,,,,,,,,,,,,,,,,,,,,,,,,,,,,,,15.08358413,,,,,,,,16.03703857,16.83718433,16.36880709,16.56538515,17.12100886,16.0565726,16.61368916,16.92849727,17.30489425,17.7418436,17.95278508,18.33054793,17.75981203,17.68566308,17.85113678,18.8202159,18.59131702,19.27838885,19.3918731,19.65882724,20.22354564,20.51294502,East Asia & Pacific,EAS,Proportion of seats held by women in national parliaments (%),SG.GEN.PARL.ZS,,,
,,,,,,,,,,,,,,,,,,,,,,,,,,,,,,,,,,,,,6.373750365,6.834809906,,7.307406132,9.113251986,10.9963336,9.390408627,10.9219994,10.83326465,11.49560793,13.88677948,14.217639,15.00332191,15.07804496,15.79393464,17.36796117,17.60401329,18.02959052,18.02155195,18.63434479,20.312543,20.77577737,22.29563251,Europe & Central Asia (excluding high income),ECA,Proportion of seats held by women in national parliaments (%),SG.GEN.PARL.ZS,,,
,,,,,,,,,,,,,,,,,,,,,,,,,,,,,,16.56508471,,,,,,,14.50706767,15.15336109,16.05531181,16.55940948,16.5363997,18.33236628,17.76537367,18.81787135,19.16809235,19.53950549,21.00834928,21.35026294,21.89428519,21.99480319,22.70588022,23.75255244,24.67533495,25.34843177,25.7526789,26.11765089,27.62041327,27.85906759,29.24561825,Europe & Central Asia,ECS,Proportion of seats held by women in national parliaments (%),SG.GEN.PARL.ZS,,,
,,,,,,,,,,,,,,,,,,,,,,,,,,,,,,4.5,,,,,,,3.7,17.4,17.4,14.6,14.6,,16,16,16,25,25,25,32.3,32.3,32.3,32.3,38.7,41.6,41.6,41.6,38,38,37.96,Ecuador,ECU,Proportion of seats held by women in national parliaments (%),SG.GEN.PARL.ZS,,,
,,,,,,,,,,,,,,,,,,,,,,,,,,,,,,3.9,,,,,,,2,2,2,2,2.4,2.4,2.4,2.9,2,2,1.8,1.8,1.8,12.7,2,2,,,,14.9,14.9,14.9,14.93,"Egypt, Arab Rep.",EGY,Proportion of seats held by women in national parliaments (%),SG.GEN.PARL.ZS,,,
,,,,,,,,,,,,,,,,,,,,,,,,,,,,,,11.52778645,,,,,,,16.85944152,17.02080568,18.27085427,19.32043011,19.12323024,19.07445982,20.69839048,21.71060755,22.16804004,23.04037123,24.65020872,24.96688297,25.46699815,25.32708141,26.05366644,27.43124277,29.76724337,30.11762806,30.21584775,30.34176104,31.97550312,31.73424222,33.48471377,Euro area,EMU,Proportion of seats held by women in national parliaments (%),SG.GEN.PARL.ZS,,,
,,,,,,,,,,,,,,,,,,,,,,,,,,,,,,,,,,,,,21,21,14.7,14.7,14.7,22,22,22,22,22,22,22,22,22,22,22,22,22,22,22,22,22,22,Eritrea,ERI,Proportion of seats held by women in national parliaments (%),SG.GEN.PARL.ZS,,,
,,,,,,,,,,,,,,,,,,,,,,,,,,,,,,14.6,,,,,,,24.7,24.7,21.6,28.3,28.3,28.3,28.3,36,36,36,36.6,36.3,36.6,36.6,36,36,36,39.7,41.1,39.1,39.1,39.1,47.43,Spain,ESP,Proportion of seats held by women in national parliaments (%),SG.GEN.PARL.ZS,,,
,,,,,,,,,,,,,,,,,,,,,,,,,,,,,,,,,,,,,10.9,10.9,17.8,17.8,17.8,17.8,18.8,18.8,18.8,18.8,20.8,20.8,22.8,22.8,19.8,20.8,20.8,19,23.8,23.8,26.7,26.7,29.7,Estonia,EST,Proportion of seats held by women in national parliaments (%),SG.GEN.PARL.ZS,,,
,,,,,,,,,,,,,,,,,,,,,,,,,,,,,,,,,,,,,2,2,2,7.7,7.7,7.7,7.7,7.7,21.4,21.9,21.9,21.9,21.9,27.8,27.8,27.8,27.8,27.8,38.8,38.8,38.8,38.8,38.76,Ethiopia,ETH,Proportion of seats held by women in national parliaments (%),SG.GEN.PARL.ZS,,,
,,,,,,,,,,,,,,,,,,,,,,,,,,,,,,15.87878586,,,,,,,17.11418217,17.15466357,18.02294299,19.45039119,19.39092942,20.05507901,21.05504574,21.70403524,21.96352584,22.60457742,23.48311509,23.7433214,24.02580113,24.16893471,24.863071,25.72438759,27.09065471,27.7298368,28.38132068,28.41854906,30.3879661,30.52236658,31.87596312,European Union,EUU,Proportion of seats held by women in national parliaments (%),SG.GEN.PARL.ZS,,,
,,,,,,,,,,,,,,,,,,,,,,,,,,,,,,,,,,,,,,,,,,,,,11.73836332,13.06120907,13.09376959,13.03690937,12.84824111,13.11401495,14.63185706,15.26884844,16.15690081,15.16519011,17.53203901,17.23332206,17.69872654,17.98004364,17.16739788,Fragile and conflict affected situations,FCS,Proportion of seats held by women in national parliaments (%),SG.GEN.PARL.ZS,,,
,,,,,,,,,,,,,,,,,,,,,,,,,,,,,,31.5,,,,,,,33.5,33.5,37,36.5,36.5,36.5,37.5,37.5,37.5,38,41.5,41.5,40,40,42.5,42.5,42.5,42.5,41.5,41.5,42,42,47,Finland,FIN,Proportion of seats held by women in national parliaments (%),SG.GEN.PARL.ZS,,,
,,,,,,,,,,,,,,,,,,,,,,,,,,,,,,,,,,,,,4.3,4.3,11.3,,5.7,5.7,5.7,8.5,8.5,,,,,,,,,14,16,16,16,16,19.61,Fiji,FJI,Proportion of seats held by women in national parliaments (%),SG.GEN.PARL.ZS,,,
,,,,,,,,,,,,,,,,,,,,,,,,,,,,,,6.9,,,,,,,10.9,10.9,10.9,10.9,10.9,12.1,12.2,12.2,12.2,12.2,18.2,18.2,18.9,18.9,18.9,26.9,26.9,26.2,26.2,26.2,39,39.6,39.69,France,FRA,Proportion of seats held by women in national parliaments (%),SG.GEN.PARL.ZS,,,
,,,,,,,,,,,,,,,,,,,,,,,,,,,,,,,,,,,,,,,,,,,,,,,,,,,,,,,,,,,,Faroe Islands,FRO,Proportion of seats held by women in national parliaments (%),SG.GEN.PARL.ZS,,,
,,,,,,,,,,,,,,,,,,,,,,,,,,,,,,,,,,,,,0,0,0,0,0,0,0,0,0,0,0,0,0,0,0,0,0,0,0,0,0,0,0,"Micronesia, Fed. Sts.",FSM,Proportion of seats held by women in national parliaments (%),SG.GEN.PARL.ZS,,,
,,,,,,,,,,,,,,,,,,,,,,,,,,,,,,13.3,,,,,,,8.3,8.3,8.3,9.2,9.2,9.2,9.2,9.2,9.2,12.5,16.7,16.7,14.7,14.7,14.2,15.8,15.8,15,14.2,14.2,17.1,17.1,17.91,Gabon,GAB,Proportion of seats held by women in national parliaments (%),SG.GEN.PARL.ZS,,,
,,,,,,,,,,,,,,,,,,,,,,,,,,,,,,6.3,,,,,,,18.2,18.2,18.4,18.4,17.9,17.9,17.9,18.1,19.7,19.7,19.5,19.5,19.5,22,22.3,22.5,22.5,22.6,29.4,29.6,32,32.2,32,United Kingdom,GBR,Proportion of seats held by women in national parliaments (%),SG.GEN.PARL.ZS,,,
,,,,,,,,,,,,,,,,,,,,,,,,,,,,,,,,,,,,,6.9,6.9,,7.2,7.2,7.2,7.2,9.4,9.4,9.4,9.4,6,5.1,6.5,6.6,12,12,12,11.3,,16,16,14.77,Georgia,GEO,Proportion of seats held by women in national parliaments (%),SG.GEN.PARL.ZS,,,
,,,,,,,,,,,,,,,,,,,,,,,,,,,,,,,,,,,,,9,9,9,,9,9,9,10.9,10.9,10.9,10.9,7.9,8.3,8.3,8.3,,10.9,10.9,10.9,10.9,12.7,12.7,13.09,Ghana,GHA,Proportion of seats held by women in national parliaments (%),SG.GEN.PARL.ZS,,,
,,,,,,,,,,,,,,,,,,,,,,,,,,,,,,,,,,,,,,,,,,,,,,,,,,,,,,,,,,,,Gibraltar,GIB,Proportion of seats held by women in national parliaments (%),SG.GEN.PARL.ZS,,,
,,,,,,,,,,,,,,,,,,,,,,,,,,,,,,,,,,,,,7,8.8,8.8,8.8,8.8,,19.3,19.3,19.3,19.3,19.3,,,,,,,21.9,21.9,21.9,21.9,21.9,22.81,Guinea,GIN,Proportion of seats held by women in national parliaments (%),SG.GEN.PARL.ZS,,,
,,,,,,,,,,,,,,,,,,,,,,,,,,,,,,7.8,,,,,,,2,2,2,2,2,5.7,13.2,13.2,13.2,13.2,9.4,9.4,7.5,7.5,7.5,7.5,7.5,9.4,9.4,9.4,10.3,10.3,10.34,"Gambia, The",GMB,Proportion of seats held by women in national parliaments (%),SG.GEN.PARL.ZS,,,
,,,,,,,,,,,,,,,,,,,,,,,,,,,,,,20,,,,,,,10,10,,7.8,7.8,7.8,,14,14,14,14,10,10,10,10,14,14,13.7,13.7,13.7,13.7,13.7,13.73,Guinea-Bissau,GNB,Proportion of seats held by women in national parliaments (%),SG.GEN.PARL.ZS,,,
,,,,,,,,,,,,,,,,,,,,,,,,,,,,,,13.3,,,,,,,8.8,8.8,5,5,5,5,5,18,18,18,18,6,10,10,10,10,12.1,24,24,24,24,20,21,Equatorial Guinea,GNQ,Proportion of seats held by women in national parliaments (%),SG.GEN.PARL.ZS,,,
,,,,,,,,,,,,,,,,,,,,,,,,,,,,,,6.7,,,,,,,6.3,6.3,6.3,8.7,8.7,8.7,8.7,14,13,13,14.7,14.7,17.3,17.3,18.7,21,21,21,19.7,19.7,18.3,18.7,20.67,Greece,GRC,Proportion of seats held by women in national parliaments (%),SG.GEN.PARL.ZS,,,
,,,,,,,,,,,,,,,,,,,,,,,,,,,,,,,,,,,,,20,20,,26.7,26.7,26.7,26.7,26.7,26.7,26.7,26.7,13.3,13.3,13.3,13.3,13.3,33.3,33.3,33.3,33.3,33.3,46.7,46.67,Grenada,GRD,Proportion of seats held by women in national parliaments (%),SG.GEN.PARL.ZS,,,
,,,,,,,,,,,,,,,,,,,,,,,,,,,,,,,,,,,,,,,,,,,,,,,,,,,,,,,,,,,,Greenland,GRL,Proportion of seats held by women in national parliaments (%),SG.GEN.PARL.ZS,,,
,,,,,,,,,,,,,,,,,,,,,,,,,,,,,,7,,,,,,,12.5,12.5,7.1,8.8,8.8,8.8,8.2,8.2,8.2,8.2,12,12,12,12,13.3,13.3,13.3,13.3,13.9,13.9,12.7,12.7,19.38,Guatemala,GTM,Proportion of seats held by women in national parliaments (%),SG.GEN.PARL.ZS,,,
,,,,,,,,,,,,,,,,,,,,,,,,,,,,,,,,,,,,,,,,,,,,,,,,,,,,,,,,,,,,Guam,GUM,Proportion of seats held by women in national parliaments (%),SG.GEN.PARL.ZS,,,
,,,,,,,,,,,,,,,,,,,,,,,,,,,,,,36.9,,,,,,,,,18.5,18.5,18.3,20,20,30.8,30.8,29,29,30,30,30,31.3,31.3,31.3,31.3,30.4,30.4,31.9,31.9,31.88,Guyana,GUY,Proportion of seats held by women in national parliaments (%),SG.GEN.PARL.ZS,,,
,,,,,,,,,,,,,,,,,,,,,,,,,,,,,,12.21729231,,,,,,,16.15539897,16.27482766,17.30681866,,18.14673525,18.82124569,19.30629399,19.85817464,20.40988326,20.9262711,21.80964092,21.97488203,22.51202202,22.60576734,23.19955726,23.75357915,25.07417771,25.80770155,26.43520663,26.39428742,27.52193131,27.87426854,29.04713864,High income,HIC,Proportion of seats held by women in national parliaments (%),SG.GEN.PARL.ZS,,,
,,,,,,,,,,,,,,,,,,,,,,,,,,,,,,,,,,,,,,,,,,,,,,,,,,,,,,,,,,,,"Hong Kong SAR, China",HKG,Proportion of seats held by women in national parliaments (%),SG.GEN.PARL.ZS,,,
,,,,,,,,,,,,,,,,,,,,,,,,,,,,,,10.2,,,,,,,,9.4,9.4,9.4,9.4,5.5,5.5,5.5,23.4,23.4,23.4,23.4,18,18,19.5,19.5,19.5,25.8,25.8,25.8,25.8,21.1,21.09,Honduras,HND,Proportion of seats held by women in national parliaments (%),SG.GEN.PARL.ZS,,,
,,,,,,,,,,,,,,,,,,,,,,,,,,,,,,,,,,,,,8.938266819,9.340735902,9.116337825,,11.91510532,13.51708122,13.52592235,14.06129526,16.89618179,17.10809292,17.63779034,17.5948359,17.71976321,18.32326241,20.36213155,21.49932865,21.79694135,22.08481091,23.85294985,23.57757593,24.32353599,24.21008087,24.06374944,Heavily indebted poor countries (HIPC),HPC,Proportion of seats held by women in national parliaments (%),SG.GEN.PARL.ZS,,,
,,,,,,,,,,,,,,,,,,,,,,,,,,,,,,,,,,,,,7.9,7.9,7.9,20.5,20.5,20.5,,21.7,21.7,21.7,20.9,20.9,23.5,23.5,23.8,23.8,23.8,23.8,15.2,12.6,18.5,18.5,20.53,Croatia,HRV,Proportion of seats held by women in national parliaments (%),SG.GEN.PARL.ZS,,,
,,,,,,,,,,,,,,,,,,,,,,,,,,,,,,,,,,,,,3.6,3.6,3.6,,3.6,3.6,3.6,3.6,3.6,2,4.1,4.1,4.1,11.1,4.2,4.2,4.2,4.2,4.2,0,2.5,2.5,2.54,Haiti,HTI,Proportion of seats held by women in national parliaments (%),SG.GEN.PARL.ZS,,,
,,,,,,,,,,,,,,,,,,,,,,,,,,,,,,20.7,,,,,,,11.4,8.3,8.3,8.3,8.3,9.1,9.8,9.1,9.1,10.4,11.1,11.1,11.1,9.1,8.8,8.8,8.8,10.1,10.1,10.1,10.1,12.6,12.56,Hungary,HUN,Proportion of seats held by women in national parliaments (%),SG.GEN.PARL.ZS,,,
,,,,,,,,,,,,,,,,,,,,,,,,,,,,,,13.15929542,,,,,,,9.333057642,12.69531613,12.63821727,12.7511226,13.11726787,14.47602351,13.97212649,14.90351339,14.46646936,15.16922652,15.92664814,16.37533139,17.32250586,17.69306606,18.01527972,19.29338021,20.15233354,21.07502988,21.30290657,21.80075577,22.36734632,22.83536417,23.63595957,IBRD only,IBD,Proportion of seats held by women in national parliaments (%),SG.GEN.PARL.ZS,,,
,,,,,,,,,,,,,,,,,,,,,,,,,,,,,,12.13670886,,,,,,,8.706564231,10.93987525,11.02418808,11.43526775,11.98499913,13.21418659,13.03660707,13.83005833,14.50947007,15.00894339,15.91353364,16.50071721,17.24673703,17.4152624,18.18697827,19.28630742,20.06547043,20.41763637,21.11478797,21.38170791,21.91674229,22.14414418,22.57117869,IDA & IBRD total,IBT,Proportion of seats held by women in national parliaments (%),SG.GEN.PARL.ZS,,,
,,,,,,,,,,,,,,,,,,,,,,,,,,,,,,,,,,,,,7.687577213,7.78230234,,,,10.97410858,11.46474764,12.09494394,14.57733554,14.75573643,15.89192553,16.69778287,17.12921558,16.98517016,18.43515178,19.27600069,19.94768374,19.51800654,20.8655431,20.82196532,21.31762143,21.19337359,21.03222194,IDA total,IDA,Proportion of seats held by women in national parliaments (%),SG.GEN.PARL.ZS,,,
,,,,,,,,,,,,,,,,,,,,,,,,,,,,,,,,,,,,,,,,,,10.04645297,10.78436104,11.5760095,12.43319088,12.65408867,13.33859211,13.6541727,14.01704545,13.67067171,14.02255924,14.65427492,18.82403509,18.71691713,18.57296722,18.74291188,19.18350297,19.17810903,19.15219068,IDA blend,IDB,Proportion of seats held by women in national parliaments (%),SG.GEN.PARL.ZS,,,
,,,,,,,,,,,,,,,,,,,,,,,,,,,,,,12.4,,,,,,,11.4,11.4,,8,8,8,8,11.3,11.3,11.3,11.6,11.6,17.9,18,18.2,18.6,18.6,16.9,17.1,17.1,19.8,19.8,17.39,Indonesia,IDN,Proportion of seats held by women in national parliaments (%),SG.GEN.PARL.ZS,,,
,,,,,,,,,,,,,,,,,,,,,,,,,,,,,,,,,,,,,8.109012132,8.085607477,7.964486301,9.633032874,,11.26134071,11.68943485,12.24006908,15.13003672,15.27037394,16.52795672,17.44970802,17.89155648,17.78787948,19.44115613,20.31687234,20.2153589,19.71886102,21.43134062,21.31357963,21.81904145,21.67918891,21.50695699,IDA only,IDX,Proportion of seats held by women in national parliaments (%),SG.GEN.PARL.ZS,,,
,,,,,,,,,,,,,,,,,,,,,,,,,,,,,,3.750926307,,,,,,,3.533786848,3.963414634,3.619946092,3.895561358,4.254109285,5.085830559,5.817950581,5.837411208,6.355407801,8.380983607,8.493742551,8.479236277,8.411442193,9.011065931,8.938420108,,,,,,,,,Isle of Man,IMN,Proportion of seats held by women in national parliaments (%),SG.GEN.PARL.ZS,,,
,,,,,,,,,,,,,,,,,,,,,,,,,,,,,,5,,,,,,,7.2,8.1,8.4,9,8.8,8.8,8.8,8.3,8.3,8.3,9.1,9.1,10.8,10.8,11,11,11,11.4,12,12,11.8,11.8,14.39,India,IND,Proportion of seats held by women in national parliaments (%),SG.GEN.PARL.ZS,,,
,,,,,,,,,,,,,,,,,,,,,,,,,,,,,,,,,,,,,,,,,,,,,,,,,,,,,,,,,,,,Not classified,INX,Proportion of seats held by women in national parliaments (%),SG.GEN.PARL.ZS,,,
,,,,,,,,,,,,,,,,,,,,,,,,,,,,,,7.8,,,,,,,12,12,12,12,12,13.3,13.3,13.3,13.3,13.3,13.3,13.3,13.9,13.9,15.1,15.1,15.7,15.7,16.3,22.2,22.2,22.2,22.15,Ireland,IRL,Proportion of seats held by women in national parliaments (%),SG.GEN.PARL.ZS,,,
,,,,,,,,,,,,,,,,,,,,,,,,,,,,,,1.5,,,,,,,4.9,4.9,4.9,3.4,3.4,4.1,4.1,4.1,4.1,4.1,4.1,2.8,2.8,2.8,2.8,3.1,3.1,3.1,3.1,5.9,5.9,5.9,5.88,"Iran, Islamic Rep.",IRN,Proportion of seats held by women in national parliaments (%),SG.GEN.PARL.ZS,,,
,,,,,,,,,,,,,,,,,,,,,,,,,,,,,,10.8,,,,,,,6.4,6.4,6.4,7.6,7.6,7.6,,,,25.5,25.5,25.5,25.5,25.2,25.2,25.2,25.2,25.3,26.5,26.5,25.3,25.5,25.23,Iraq,IRQ,Proportion of seats held by women in national parliaments (%),SG.GEN.PARL.ZS,,,
,,,,,,,,,,,,,,,,,,,,,,,,,,,,,,20.6,,,,,,,25.4,25.4,34.9,34.9,34.9,34.9,30.2,30.2,33.3,33.3,33.3,33.3,42.9,42.9,39.7,39.7,39.7,39.7,41.3,47.6,47.6,38.1,38.1,Iceland,ISL,Proportion of seats held by women in national parliaments (%),SG.GEN.PARL.ZS,,,
,,,,,,,,,,,,,,,,,,,,,,,,,,,,,,6.7,,,,,,,7.5,7.5,11.7,12.5,13.3,14.2,15,15,15,14.2,14.2,14.2,18.3,19.2,20,20,22.5,22.5,26.7,26.7,27.5,27.5,23.33,Israel,ISR,Proportion of seats held by women in national parliaments (%),SG.GEN.PARL.ZS,,,
,,,,,,,,,,,,,,,,,,,,,,,,,,,,,,12.9,,,,,,,11.1,11.1,11.1,11.1,9.8,9.8,11.5,11.5,11.5,17.3,17.3,21.3,21.3,21.3,21.6,21.4,31.4,31.4,31,31,31,35.7,35.71,Italy,ITA,Proportion of seats held by women in national parliaments (%),SG.GEN.PARL.ZS,,,
,,,,,,,,,,,,,,,,,,,,,,,,,,,,,,5,,,,,,,11.7,13.6,13.3,13.3,13.3,,11.7,11.7,11.7,11.7,13.3,13.3,13.3,13.3,12.7,12.7,12.7,12.7,12.7,17.5,17.5,17.5,17.46,Jamaica,JAM,Proportion of seats held by women in national parliaments (%),SG.GEN.PARL.ZS,,,
,,,,,,,,,,,,,,,,,,,,,,,,,,,,,,0,,,,,,,0,0,0,0,1.3,1.3,5.5,5.5,5.5,5.5,6.4,6.4,6.4,10.8,10.8,10.8,12.2,12,12,15.4,15.4,15.4,15.38,Jordan,JOR,Proportion of seats held by women in national parliaments (%),SG.GEN.PARL.ZS,,,
,,,,,,,,,,,,,,,,,,,,,,,,,,,,,,1.4,,,,,,,4.6,4.6,4.6,7.3,7.3,7.3,7.1,7.1,9,9.4,9.4,9.4,11.3,11.3,10.8,7.9,8.1,8.1,9.5,9.5,9.3,10.1,10.11,Japan,JPN,Proportion of seats held by women in national parliaments (%),SG.GEN.PARL.ZS,,,
,,,,,,,,,,,,,,,,,,,,,,,,,,,,,,,,,,,,,13.4,13.4,10.8,10.4,10.4,10.4,10.4,10.4,10.4,10.4,15.9,15.9,17.8,17.8,17.8,24.3,24.3,25.2,26.2,27.1,27.1,27.1,27.1,Kazakhstan,KAZ,Proportion of seats held by women in national parliaments (%),SG.GEN.PARL.ZS,,,
,,,,,,,,,,,,,,,,,,,,,,,,,,,,,,1.1,,,,,,,3,3.6,3.6,3.6,3.6,3.6,7.1,7.1,7.1,7.3,7.2,9.8,9.8,9.8,9.8,9.8,18.6,19.1,19.7,19.7,21.8,21.8,21.78,Kenya,KEN,Proportion of seats held by women in national parliaments (%),SG.GEN.PARL.ZS,,,
,,,,,,,,,,,,,,,,,,,,,,,,,,,,,,,,,,,,,1.4,1.4,1.4,2.3,10,10,10,10,0,0,25.6,25.6,25.6,23.3,23.3,23.3,23.3,23.3,19.2,19.2,19.2,19.2,19.17,Kyrgyz Republic,KGZ,Proportion of seats held by women in national parliaments (%),SG.GEN.PARL.ZS,,,
,,,,,,,,,,,,,,,,,,,,,,,,,,,,,,,,,,,,,5.8,5.8,8.2,7.4,7.4,7.4,9.8,9.8,9.8,9.8,19.5,16.3,21.1,21.1,20.3,20.3,20.3,20.3,20.3,20.3,20.3,20,20,Cambodia,KHM,Proportion of seats held by women in national parliaments (%),SG.GEN.PARL.ZS,,,
,,,,,,,,,,,,,,,,,,,,,,,,,,,,,,0,,,,,,,0,0,4.9,4.9,4.8,4.8,,4.8,4.8,7.1,4.3,4.3,4.3,4.3,8.7,8.7,8.7,8.7,8.7,6.5,6.5,6.5,6.52,Kiribati,KIR,Proportion of seats held by women in national parliaments (%),SG.GEN.PARL.ZS,,,
,,,,,,,,,,,,,,,,,,,,,,,,,,,,,,6.7,,,,,,,13.3,13.3,13.3,13.3,13.3,13.3,13.3,0,0,0,6.7,6.7,6.7,6.7,6.7,6.7,6.7,6.7,13.3,13.3,13.3,13.3,13.33,St. Kitts and Nevis,KNA,Proportion of seats held by women in national parliaments (%),SG.GEN.PARL.ZS,,,
,,,,,,,,,,,,,,,,,,,,,,,,,,,,,,2,,,,,,,3,3.7,3.7,5.9,5.9,5.9,5.9,13,13.4,13.4,14.4,13.7,14.7,14.7,14.7,15.7,15.7,16.3,16.3,17,17,17,16.67,"Korea, Rep.",KOR,Proportion of seats held by women in national parliaments (%),SG.GEN.PARL.ZS,,,
,,,,,,,,,,,,,,,,,,,,,,,,,,,,,,,,,,,,,0,0,0,0,0,0,0,0,1.5,1.5,1.5,3.1,7.7,7.7,7.7,6.2,6.2,1.5,1.5,1.5,3.1,3.1,4.62,Kuwait,KWT,Proportion of seats held by women in national parliaments (%),SG.GEN.PARL.ZS,,,
,,,,,,,,,,,,,,,,,,,,,,,,,,,,,,12.36906916,,,,,,,13.67325331,16.06422306,14.58606149,15.64316547,14.74311138,16.52258715,19.08396201,19.61347094,20.90341927,21.04364952,21.85550791,23.0602139,23.7748538,24.09319414,24.17588047,25.77780149,26.1582153,28.71090573,29.20580572,30.00576923,30.54429618,31.93505236,32.91433804,Latin America & Caribbean (excluding high income),LAC,Proportion of seats held by women in national parliaments (%),SG.GEN.PARL.ZS,,,
,,,,,,,,,,,,,,,,,,,,,,,,,,,,,,6.3,,,,,,,,21.2,21.2,21.2,21.2,22.9,22.9,22.9,22.9,25.2,25.2,25.2,25.2,25.2,25,25,25,25,25,27.5,27.5,27.5,27.52,Lao PDR,LAO,Proportion of seats held by women in national parliaments (%),SG.GEN.PARL.ZS,,,
,,,,,,,,,,,,,,,,,,,,,,,,,,,,,,0,,,,,,,2.3,2.3,2.3,2.3,2.3,2.3,2.3,2.3,4.7,4.7,4.7,4.7,3.1,3.1,3.1,3.1,3.1,3.1,3.1,3.1,3.1,4.7,4.69,Lebanon,LBN,Proportion of seats held by women in national parliaments (%),SG.GEN.PARL.ZS,,,
,,,,,,,,,,,,,,,,,,,,,,,,,,,,,,,,,,,,,,,,7.8,7.8,7.8,7.8,5.3,12.5,12.5,12.5,12.5,12.5,12.5,9.6,11,11,11,11,11,12.3,12.3,12.33,Liberia,LBR,Proportion of seats held by women in national parliaments (%),SG.GEN.PARL.ZS,,,
,,,,,,,,,,,,,,,,,,,,,,,,,,,,,,,,,,,,,,,,,,,,,4.7,7.7,7.7,7.7,7.7,7.7,,16.5,16.5,16,16,16,16,16,15.96,Libya,LBY,Proportion of seats held by women in national parliaments (%),SG.GEN.PARL.ZS,,,
,,,,,,,,,,,,,,,,,,,,,,,,,,,,,,0,,,,,,,11.8,11.8,11.1,11.1,,11.1,11.1,11.1,11.1,0,11.1,11.1,11.1,11.1,16.7,16.7,16.7,16.7,16.7,16.7,16.7,16.7,16.67,St. Lucia,LCA,Proportion of seats held by women in national parliaments (%),SG.GEN.PARL.ZS,,,
,,,,,,,,,,,,,,,,,,,,,,,,,,,,,,11.90733208,,,,,,,13.13896139,15.34761116,14.33626432,15.15959877,14.33251966,16.07901011,18.45025516,19.01291576,20.2153081,20.34859679,21.11677048,22.17181449,22.71162458,23.02288485,23.03894863,24.49148733,24.81021695,27.53975273,27.90835015,28.70770868,29.2849859,30.68186057,31.64724307,Latin America & Caribbean,LCN,Proportion of seats held by women in national parliaments (%),SG.GEN.PARL.ZS,,,
,,,,,,,,,,,,,,,,,,,,,,,,,,,,,,,,,,,,,8.435758197,8.590133284,8.233340228,9.916294687,,11.73775054,12.39262183,12.75717122,15.69264214,15.91664382,17.00798577,18.77039599,19.40600581,19.26387257,20.82885065,21.39844979,21.60419689,21.10183452,23.04432199,22.79111035,23.1773389,22.93996964,22.83347209,Least developed countries: UN classification,LDC,Proportion of seats held by women in national parliaments (%),SG.GEN.PARL.ZS,,,
,,,,,,,,,,,,,,,,,,,,,,,,,,,,,,,,,,,,,10.89893061,10.48010238,9.814481636,11.79761851,12.70925965,13.83120018,13.23288344,14.58512488,16.84849549,16.89653333,17.52371932,19.04779814,18.58407274,18.5911477,20.86834064,21.08123652,21.34124763,20.61441939,22.04157204,21.9728187,22.47289418,22.34463815,22.67117072,Low income,LIC,Proportion of seats held by women in national parliaments (%),SG.GEN.PARL.ZS,,,
,,,,,,,,,,,,,,,,,,,,,,,,,,,,,,4,,,,,,,4,4,4,4,12,12,12,12,24,24,24,24,24,24,24,24,20,20,20,20,12,12,12,Liechtenstein,LIE,Proportion of seats held by women in national parliaments (%),SG.GEN.PARL.ZS,,,
,,,,,,,,,,,,,,,,,,,,,,,,,,,,,,4.9,,,,,,,5.3,5.3,4.9,,,4.4,4.4,4.9,4.9,4.9,5.8,5.8,5.8,5.3,5.8,5.8,5.8,5.8,4.9,5.8,5.8,5.8,5.33,Sri Lanka,LKA,Proportion of seats held by women in national parliaments (%),SG.GEN.PARL.ZS,,,
,,,,,,,,,,,,,,,,,,,,,,,,,,,,,,9.509894459,,,,,,,7.687035436,8.535214348,9.018733892,8.638778759,9.166180595,10.68531779,10.72494516,11.29795424,12.47186262,12.91019025,13.78738828,14.31915635,15.71168433,16.28329409,15.9336614,16.77873615,18.5440187,19.33588168,20.07001253,20.04891064,20.45768747,20.21455935,20.25509004,Lower middle income,LMC,Proportion of seats held by women in national parliaments (%),SG.GEN.PARL.ZS,,,
,,,,,,,,,,,,,,,,,,,,,,,,,,,,,,12.92445518,,,,,,,9.423788183,11.65569287,11.7631089,12.0595157,12.42055644,13.61593895,13.48159073,14.36216428,14.99813908,15.49030866,16.37898637,17.12466147,17.74706031,17.90257688,18.60745007,19.68974709,20.57059762,20.88334172,21.56399426,21.84986535,22.31644766,22.59911908,23.01336452,Low & middle income,LMY,Proportion of seats held by women in national parliaments (%),SG.GEN.PARL.ZS,,,
,,,,,,,,,,,,,,,,,,,,,,,,,,,,,,,,,,,,,4.6,3.8,3.8,3.8,3.8,,11.7,11.7,11.7,11.7,23.5,25,24.2,24.2,24.2,26.7,26.7,26.7,25,25,22.9,22.1,23.33,Lesotho,LSO,Proportion of seats held by women in national parliaments (%),SG.GEN.PARL.ZS,,,
,,,,,,,,,,,,,,,,,,,,,,,,,,,,,,16.76476373,,,,,,,,14.15980444,14.74320622,14.76118328,15.11270213,15.69102577,15.06673359,15.77463008,16.02671674,16.050107,16.74306528,17.0792887,17.21466983,17.24862637,17.65925265,18.28347454,18.9057297,19.13040206,19.36189065,19.91135198,20.62605018,21.10123786,22.05533209,Late-demographic dividend,LTE,Proportion of seats held by women in national parliaments (%),SG.GEN.PARL.ZS,,,
,,,,,,,,,,,,,,,,,,,,,,,,,,,,,,,,,,,,,17.5,17.5,17.5,10.6,10.6,10.6,10.6,22,22,24.8,22.7,17.7,19.1,19.1,19.1,24.5,24.1,24.1,23.4,21.3,21.3,21.3,21.28,Lithuania,LTU,Proportion of seats held by women in national parliaments (%),SG.GEN.PARL.ZS,,,
,,,,,,,,,,,,,,,,,,,,,,,,,,,,,,13.3,,,,,,,20,20,16.7,16.7,16.7,16.7,16.7,23.3,23.3,23.3,23.3,23.3,20,20,25,21.7,23.3,28.3,28.3,28.3,28.3,28.3,25,Luxembourg,LUX,Proportion of seats held by women in national parliaments (%),SG.GEN.PARL.ZS,,,
,,,,,,,,,,,,,,,,,,,,,,,,,,,,,,,,,,,,,9,9,17,17,17,18,21,21,21,19,20,20,22,20,23,23,23,18,18,18,16,16,30,Latvia,LVA,Proportion of seats held by women in national parliaments (%),SG.GEN.PARL.ZS,,,
,,,,,,,,,,,,,,,,,,,,,,,,,,,,,,,,,,,,,,,,,,,,,,,,,,,,,,,,,,,,"Macao SAR, China",MAC,Proportion of seats held by women in national parliaments (%),SG.GEN.PARL.ZS,,,
,,,,,,,,,,,,,,,,,,,,,,,,,,,,,,,,,,,,,,,,,,,,,,,,,,,,,,,,,,,,St. Martin (French part),MAF,Proportion of seats held by women in national parliaments (%),SG.GEN.PARL.ZS,,,
,,,,,,,,,,,,,,,,,,,,,,,,,,,,,,0,,,,,,,0.6,0.6,0.6,0.6,0.6,10.8,10.8,10.8,10.8,10.8,10.5,10.5,10.5,10.5,17,17,17,17,17,20.5,20.5,20.5,20.51,Morocco,MAR,Proportion of seats held by women in national parliaments (%),SG.GEN.PARL.ZS,,,
,,,,,,,,,,,,,,,,,,,,,,,,,,,,,,11.1,,,,,,,5.6,22.2,22.2,22.2,22.2,22.2,20.8,20.8,20.8,20.8,20.8,25,26.1,26.1,19,19,20.8,20.8,20.8,20.8,20.8,33.3,33.33,Monaco,MCO,Proportion of seats held by women in national parliaments (%),SG.GEN.PARL.ZS,,,
,,,,,,,,,,,,,,,,,,,,,,,,,,,,,,,,,,,,,4.8,,8.9,7.9,12.9,12.9,12.9,15.8,21.8,21.8,21.8,21.8,23.8,18.8,19.8,19.8,19.8,17.8,21.8,21.8,22.8,22.8,25.74,Moldova,MDA,Proportion of seats held by women in national parliaments (%),SG.GEN.PARL.ZS,,,
,,,,,,,,,,,,,,,,,,,,,,,,,,,,,,6.5,,,,,,,3.7,,8,8,8,,3.8,6.9,6.9,6.9,7.9,7.9,,12.5,12.5,17.5,17.5,20.5,20.5,20.5,19.2,19.2,15.89,Madagascar,MDG,Proportion of seats held by women in national parliaments (%),SG.GEN.PARL.ZS,,,
,,,,,,,,,,,,,,,,,,,,,,,,,,,,,,6.3,,,,,,,6.3,6.3,,6,6,6,6,6,12,12,12,12,6.5,6.5,6.5,6.5,6.5,5.9,5.9,5.9,5.9,5.9,4.6,Maldives,MDV,Proportion of seats held by women in national parliaments (%),SG.GEN.PARL.ZS,,,
,,,,,,,,,,,,,,,,,,,,,,,,,,,,,,3.803837472,,,,,,,4.003533981,3.615742945,4.181252104,4.199365609,4.32920147,5.897101932,5.871467391,6.600362558,6.169874477,8.062388451,8.355546855,8.308065779,8.792458678,10.42784461,10.05864662,13.14629917,15.93542654,16.08830514,16.38824577,17.01531003,16.22710138,16.63012967,16.79720637,Middle East & North Africa,MEA,Proportion of seats held by women in national parliaments (%),SG.GEN.PARL.ZS,,,
,,,,,,,,,,,,,,,,,,,,,,,,,,,,,,12,,,,,,,14.2,17.4,18.2,16,16,16,22.6,22.6,24.2,22.6,23.2,23.2,27.6,26.2,26.2,36.8,36.8,37.4,42.4,42.4,42.6,48.2,48.2,Mexico,MEX,Proportion of seats held by women in national parliaments (%),SG.GEN.PARL.ZS,,,
,,,,,,,,,,,,,,,,,,,,,,,,,,,,,,,,,,,,,,,,3,3,3,3,3,3,3,3,3,3,3,3,3,3,3,9.1,9.1,9.1,9.1,9.09,Marshall Islands,MHL,Proportion of seats held by women in national parliaments (%),SG.GEN.PARL.ZS,,,
,,,,,,,,,,,,,,,,,,,,,,,,,,,,,,13.3072238,,,,,,,9.01554094,11.95042687,12.27327167,12.12621152,12.34541902,13.56404414,13.53270957,14.30209839,14.46544588,15.08641455,16.04459414,16.55361268,17.49611787,17.70854465,17.90994913,19.24155513,20.3227571,20.96569737,21.41039651,21.81023557,22.26573687,22.67764568,23.12006091,Middle income,MIC,Proportion of seats held by women in national parliaments (%),SG.GEN.PARL.ZS,,,
,,,,,,,,,,,,,,,,,,,,,,,,,,,,,,,,,,,,,3.3,3.3,7.5,6.7,6.7,17.5,18.3,19.2,19.2,28.3,29.2,31.7,32.5,32.5,30.9,32.5,34.1,33.3,33.3,33.3,34.2,38.3,39.17,North Macedonia,MKD,Proportion of seats held by women in national parliaments (%),SG.GEN.PARL.ZS,,,
,,,,,,,,,,,,,,,,,,,,,,,,,,,,,,,,,,,,,12.2,12.2,12.2,12.2,12.2,10.2,10.2,10.2,10.2,10.2,10.2,10.2,10.2,10.2,10.2,10.2,10.2,9.5,8.8,8.8,8.8,8.8,9.52,Mali,MLI,Proportion of seats held by women in national parliaments (%),SG.GEN.PARL.ZS,,,
,,,,,,,,,,,,,,,,,,,,,,,,,,,,,,2.9,,,,,,,5.8,5.8,9.2,9.2,9.2,9.2,7.7,9.2,9.2,9.2,9.2,8.7,8.7,8.7,8.7,8.7,14.3,14.3,12.9,12.9,11.9,11.9,14.93,Malta,MLT,Proportion of seats held by women in national parliaments (%),SG.GEN.PARL.ZS,,,
,,,,,,,,,,,,,,,,,,,,,,,,,,,,,,,,,,,,,,,,,,,,,,,,,,4.3,3.5,6,6,5.6,12.7,9.9,10.2,10.2,11.32,Myanmar,MMR,Proportion of seats held by women in national parliaments (%),SG.GEN.PARL.ZS,,,
,,,,,,,,,,,,,,,,,,,,,,,,,,,,,,3.749073693,,,,,,,3.923736934,3.506273479,3.886795972,3.873974122,3.981982982,5.678871681,6.008460305,6.968532587,6.40873965,8.638304455,8.852289604,8.773977695,9.099908229,10.98385001,10.51506024,14.16534805,16.41584266,16.75010854,16.90213536,17.55858738,16.58197412,16.96714801,17.1340597,Middle East & North Africa (excluding high income),MNA,Proportion of seats held by women in national parliaments (%),SG.GEN.PARL.ZS,,,
,,,,,,,,,,,,,,,,,,,,,,,,,,,,,,,,,,,,,,,,,,,,,,8.6,11.1,11.1,11.1,11.1,12.3,17.3,16,17.3,17.3,23.5,23.5,23.5,23.46,Montenegro,MNE,Proportion of seats held by women in national parliaments (%),SG.GEN.PARL.ZS,,,
,,,,,,,,,,,,,,,,,,,,,,,,,,,,,,24.9,,,,,,,7.9,7.9,7.9,10.5,10.5,10.5,10.5,6.8,6.7,6.6,6.6,4.2,3.9,3.9,3.9,14.9,14.9,14.9,14.5,17.1,17.1,17.1,17.11,Mongolia,MNG,Proportion of seats held by women in national parliaments (%),SG.GEN.PARL.ZS,,,
,,,,,,,,,,,,,,,,,,,,,,,,,,,,,,,,,,,,,,,,,,,,,,,,,,,,,,,,,,,,Northern Mariana Islands,MNP,Proportion of seats held by women in national parliaments (%),SG.GEN.PARL.ZS,,,
,,,,,,,,,,,,,,,,,,,,,,,,,,,,,,15.7,,,,,,,25.2,25.2,,30,30,30,30,34.8,34.8,34.8,34.8,34.8,39.2,39.2,39.2,39.2,39.2,,39.6,39.6,39.6,39.6,39.6,Mozambique,MOZ,Proportion of seats held by women in national parliaments (%),SG.GEN.PARL.ZS,,,
,,,,,,,,,,,,,,,,,,,,,,,,,,,,,,,,,,,,,1.3,3.8,3.8,3.8,,,3.7,3.7,,17.9,22.1,22.1,22.1,22.1,22.1,22.1,22.1,25.2,25.2,25.2,25.2,20.3,20.26,Mauritania,MRT,Proportion of seats held by women in national parliaments (%),SG.GEN.PARL.ZS,,,
,,,,,,,,,,,,,,,,,,,,,,,,,,,,,,7.1,,,,,,,7.6,7.6,7.6,5.7,5.7,5.7,5.7,5.7,17.1,17.1,17.1,17.1,17.1,18.8,18.8,18.8,18.8,18.8,11.6,11.6,11.6,11.6,11.59,Mauritius,MUS,Proportion of seats held by women in national parliaments (%),SG.GEN.PARL.ZS,,,
,,,,,,,,,,,,,,,,,,,,,,,,,,,,,,9.8,,,,,,,5.6,5.6,8.3,9.3,9.3,9.3,9.3,14,13.6,13.6,13,13,20.8,20.8,22.3,22.3,22.3,16.7,16.7,16.7,16.7,16.7,22.92,Malawi,MWI,Proportion of seats held by women in national parliaments (%),SG.GEN.PARL.ZS,,,
,,,,,,,,,,,,,,,,,,,,,,,,,,,,,,5.1,,,,,,,7.8,7.8,,10.4,10.4,10.4,10.5,9.1,9.1,9.1,10,10.8,9.9,9.9,10.4,10.4,10.4,10.4,10.4,10.4,10.4,13.9,14.41,Malaysia,MYS,Proportion of seats held by women in national parliaments (%),SG.GEN.PARL.ZS,,,
,,,,,,,,,,,,,,,,,,,,,,,,,,,,,,9.283651226,,,,,,,15.33980978,15.33980978,16.28546196,,16.69918478,16.58097826,16.87649457,17.47012113,17.64576043,18.1654105,18.65472973,19.1141319,18.99703903,18.99703903,20.11443995,20.78113208,20.73410014,21.69973046,22.28963731,22.29714286,22.40976563,22.85986928,25.00039063,North America,NAC,Proportion of seats held by women in national parliaments (%),SG.GEN.PARL.ZS,,,
,,,,,,,,,,,,,,,,,,,,,,,,,,,,,,6.9,,,,,,,22.2,22.2,22.2,25,25,25,26.4,25,26.9,26.9,26.9,26.9,26.9,24.4,24.4,24.4,24.4,,41.3,41.3,41.3,46.2,46.15,Namibia,NAM,Proportion of seats held by women in national parliaments (%),SG.GEN.PARL.ZS,,,
,,,,,,,,,,,,,,,,,,,,,,,,,,,,,,,,,,,,,,,,,,,,,,,,,,,,,,,,,,,,New Caledonia,NCL,Proportion of seats held by women in national parliaments (%),SG.GEN.PARL.ZS,,,
,,,,,,,,,,,,,,,,,,,,,,,,,,,,,,5.4,,,,,,,1.2,1.2,,1.2,1.2,1.2,1.2,12.4,12.4,12.4,12.4,12.4,9.7,,13.3,13.3,13.3,13.3,13.3,14.6,17,17,16.96,Niger,NER,Proportion of seats held by women in national parliaments (%),SG.GEN.PARL.ZS,,,
,,,,,,,,,,,,,,,,,,,,,,,,,,,,,,,,,,,,,,,,3.4,3.4,3.4,4.9,4.7,6.4,6.1,7,7,7,7,6.8,6.7,6.7,6.7,5.6,5.6,5.6,5.6,3.38,Nigeria,NGA,Proportion of seats held by women in national parliaments (%),SG.GEN.PARL.ZS,,,
,,,,,,,,,,,,,,,,,,,,,,,,,,,,,,14.8,,,,,,,10.8,10.8,9.7,9.7,,20.7,20.7,20.7,20.7,15.2,18.5,18.5,20.7,20.7,40.2,40.2,40.2,42.4,41.3,41.3,45.7,45.7,44.57,Nicaragua,NIC,Proportion of seats held by women in national parliaments (%),SG.GEN.PARL.ZS,,,
,,,,,,,,,,,,,,,,,,,,,,,,,,,,,,21.3,,,,,,,31.3,36,36,36,36,34,36.7,36.7,36.7,36.7,39.3,41.3,42,40.7,40.7,38.7,38.7,38.7,37.3,37.3,36,36,31.33,Netherlands,NLD,Proportion of seats held by women in national parliaments (%),SG.GEN.PARL.ZS,,,
,,,,,,,,,,,,,,,,,,,,,,,,,,,,,,35.8,,,,,,,36.4,36.4,36.4,36.4,35.8,36.4,36.4,38.2,37.9,37.9,36.1,36.1,39.6,39.6,39.6,39.6,39.6,39.6,39.6,39.6,39.6,41.4,40.83,Norway,NOR,Proportion of seats held by women in national parliaments (%),SG.GEN.PARL.ZS,,,
,,,,,,,,,,,,,,,,,,,,,,,,,,,,,,6.1,,,,,,,3.4,3.4,5.9,5.9,5.9,5.9,5.9,5.9,5.9,5.9,17.3,33.2,33.2,33.2,33.2,33.2,33.2,29.5,29.5,29.6,29.6,32.7,32.73,Nepal,NPL,Proportion of seats held by women in national parliaments (%),SG.GEN.PARL.ZS,,,
,,,,,,,,,,,,,,,,,,,,,,,,,,,,,,5.6,,,,,,,,0,0,,0,0,,0,0,0,0,0,0,0,0,0,5.3,5.3,5.3,5.3,10.5,10.5,10.53,Nauru,NRU,Proportion of seats held by women in national parliaments (%),SG.GEN.PARL.ZS,,,
,,,,,,,,,,,,,,,,,,,,,,,,,,,,,,14.4,,,,,,,29.2,29.2,29.2,30.8,30.8,29.2,28.3,28.3,32.2,32.2,33.1,33.6,33.6,33.6,32.2,32.2,32.2,29.8,31.4,31.4,34.2,38.3,40.83,New Zealand,NZL,Proportion of seats held by women in national parliaments (%),SG.GEN.PARL.ZS,,,
,,,,,,,,,,,,,,,,,,,,,,,,,,,,,,12.11407628,,,,,,,16.06805361,16.31823365,17.36456019,18.14973162,17.81598961,19.2732256,19.55005063,20.14429558,20.77146029,21.21990125,22.38403548,22.5413199,23.25503322,23.26131012,24.0781379,25.17203825,26.17612391,26.86734987,27.95936829,28.09295069,29.05241019,29.71558782,30.74691827,OECD members,OED,Proportion of seats held by women in national parliaments (%),SG.GEN.PARL.ZS,,,
,,,,,,,,,,,,,,,,,,,,,,,,,,,,,,,,,,,,,,,,,,,,2.4,2.4,2.4,0,0,0,0,1.2,1.2,1.2,1.2,1.2,1.2,1.2,1.2,1.18,Oman,OMN,Proportion of seats held by women in national parliaments (%),SG.GEN.PARL.ZS,,,
,,,,,,,,,,,,,,,,,,,,,,,,,,,,,,,,,,,,,8.920452937,8.436211513,9.73586262,10.63993127,10.91869416,11.69297583,13.30845902,13.74719764,14.64955856,13.71365639,14.83212493,15.27421829,15.24304828,15.60331781,16.09976744,17.09556593,17.08708162,17.42894576,18.6196449,18.79218223,19.08192501,19.54392004,20.24183718,Other small states,OSS,Proportion of seats held by women in national parliaments (%),SG.GEN.PARL.ZS,,,
,,,,,,,,,,,,,,,,,,,,,,,,,,,,,,10.1,,,,,,,2.3,2.3,,,,21.1,21.6,21.3,21.3,21.3,21.1,22.5,22.2,22.2,22.5,22.5,20.7,20.7,20.6,20.6,20.6,20.6,20.23,Pakistan,PAK,Proportion of seats held by women in national parliaments (%),SG.GEN.PARL.ZS,,,
,,,,,,,,,,,,,,,,,,,,,,,,,,,,,,7.5,,,,,,,9.7,9.7,,9.9,9.9,9.9,9.9,16.7,16.7,16.7,16.7,16.7,8.5,8.5,8.5,8.5,8.5,19.3,18.3,18.3,18.3,18.3,21.13,Panama,PAN,Proportion of seats held by women in national parliaments (%),SG.GEN.PARL.ZS,,,
,,,,,,,,,,,,,,,,,,,,,,,,,,,,,,5.6,,,,,,,10.8,10.8,10.8,,17.5,17.5,17.5,18.3,18.3,29.2,29.2,29.2,27.5,27.5,21.5,21.5,21.5,22.3,22.3,27.7,27.7,27.7,30,Peru,PER,Proportion of seats held by women in national parliaments (%),SG.GEN.PARL.ZS,,,
,,,,,,,,,,,,,,,,,,,,,,,,,,,,,,9.1,,,,,,,11.1,12.4,12.4,11.3,17.8,17.8,17.8,15.3,15.3,15.3,20.5,20.5,21,22.1,22.9,22.9,27.1,27.3,27.2,29.8,29.5,29.5,27.96,Philippines,PHL,Proportion of seats held by women in national parliaments (%),SG.GEN.PARL.ZS,,,
,,,,,,,,,,,,,,,,,,,,,,,,,,,,,,,,,,,,,0,0,0,0,0,0,0,0,0,0,0,0,0,0,0,0,0,0,0,0,12.5,12.5,12.5,Palau,PLW,Proportion of seats held by women in national parliaments (%),SG.GEN.PARL.ZS,,,
,,,,,,,,,,,,,,,,,,,,,,,,,,,,,,0,,,,,,,1.8,1.8,1.8,1.8,1.8,,0.9,0.9,0.9,0.9,0.9,0.9,0.9,0.9,0.9,2.7,2.7,2.7,2.7,2.7,0,0,0,Papua New Guinea,PNG,Proportion of seats held by women in national parliaments (%),SG.GEN.PARL.ZS,,,
,,,,,,,,,,,,,,,,,,,,,,,,,,,,,,13.5,,,,,,,13,13,13,13,20.2,20.2,20.2,20.2,20.4,20.4,20.4,20.2,20,20,23.7,23.7,23.7,24.3,27.4,27.4,28,28,29.13,Poland,POL,Proportion of seats held by women in national parliaments (%),SG.GEN.PARL.ZS,,,
,,,,,,,,,,,,,,,,,,,,,,,,,,,,,,,,,,,,,,,,10.00528787,11.28954018,12.55277075,13.0963095,13.68548682,15.28732441,16.0964885,16.6776502,17.22521961,17.42485198,17.19603945,19.53637048,20.15490982,21.03651133,20.89220837,21.84241223,21.83313922,22.53542727,22.25354089,21.9550779,Pre-demographic dividend,PRE,Proportion of seats held by women in national parliaments (%),SG.GEN.PARL.ZS,,,
,,,,,,,,,,,,,,,,,,,,,,,,,,,,,,,,,,,,,,,,,,,,,,,,,,,,,,,,,,,,Puerto Rico,PRI,Proportion of seats held by women in national parliaments (%),SG.GEN.PARL.ZS,,,
,,,,,,,,,,,,,,,,,,,,,,,,,,,,,,21.1,,,,,,,20.1,20.1,20.1,20.1,20.1,20.1,,20.1,20.1,20.1,20.1,20.1,15.6,15.6,15.6,15.6,15.6,16.3,16.3,16.3,16.3,16.3,17.61,"Korea, Dem. Peopleâ€™s Rep.",PRK,Proportion of seats held by women in national parliaments (%),SG.GEN.PARL.ZS,,,
,,,,,,,,,,,,,,,,,,,,,,,,,,,,,,7.6,,,,,,,13,13,18.7,17.4,18.7,19.1,19.1,19.1,21.3,21.3,28.3,28.3,27.4,27.4,28.7,28.7,28.7,31.3,34.8,34.8,34.8,34.8,35.65,Portugal,PRT,Proportion of seats held by women in national parliaments (%),SG.GEN.PARL.ZS,,,
,,,,,,,,,,,,,,,,,,,,,,,,,,,,,,5.6,,,,,,,2.5,,2.5,2.5,2.5,2.5,8.8,10,10,10,10,12.5,12.5,12.5,12.5,12.5,17.5,15,15,15,13.8,15,15,Paraguay,PRY,Proportion of seats held by women in national parliaments (%),SG.GEN.PARL.ZS,,,
,,,,,,,,,,,,,,,,,,,,,,,,,,,,,,,,,,,,,,,,,,,,,,,,,,,,,,,,,,,,West Bank and Gaza,PSE,Proportion of seats held by women in national parliaments (%),SG.GEN.PARL.ZS,,,
,,,,,,,,,,,,,,,,,,,,,,,,,,,,,,,,,,,,,2.592672414,2.090243902,4.667701863,,2.945427729,3.189825581,2.722492401,3.591282051,3.853984576,,,,,,,,,4.862972973,5.677297297,5.931266846,7.00296496,7.524462366,8.0430563,Pacific island small states,PSS,Proportion of seats held by women in national parliaments (%),SG.GEN.PARL.ZS,,,
,,,,,,,,,,,,,,,,,,,,,,,,,,,,,,14.45660548,,,,,,,16.88467759,17.9427569,18.23561915,19.41720341,18.95471178,20.12700831,20.73126632,21.67699009,22.04741214,22.78792039,23.66071239,24.32306467,24.74045826,24.86312162,25.31520443,25.94023417,27.33905852,28.13201041,28.57870591,28.58581476,29.73100725,30.3028169,31.69669389,Post-demographic dividend,PST,Proportion of seats held by women in national parliaments (%),SG.GEN.PARL.ZS,,,
,,,,,,,,,,,,,,,,,,,,,,,,,,,,,,,,,,,,,,,,,,,,,,,,,,,,,,,,,,,,French Polynesia,PYF,Proportion of seats held by women in national parliaments (%),SG.GEN.PARL.ZS,,,
,,,,,,,,,,,,,,,,,,,,,,,,,,,,,,,,,,,,,,,,,,,,,,0,0,0,0,0,0,0,0,0,0,0,0,9.8,9.76,Qatar,QAT,Proportion of seats held by women in national parliaments (%),SG.GEN.PARL.ZS,,,
,,,,,,,,,,,,,,,,,,,,,,,,,,,,,,34.4,,,,,,,7.3,7.3,7.3,,10.7,10.7,10.7,11.4,11.2,11.2,9.4,11.4,11.4,11.4,11.2,13.3,13.3,13.5,13.7,13.7,20.7,20.7,20.67,Romania,ROU,Proportion of seats held by women in national parliaments (%),SG.GEN.PARL.ZS,,,
,,,,,,,,,,,,,,,,,,,,,,,,,,,,,,15.6,,,,,,,10.2,10.2,,7.7,7.6,7.6,7.6,9.8,9.8,9.8,14,14,14,14,13.6,13.6,13.6,13.6,13.6,12.7,15.8,15.8,15.78,Russian Federation,RUS,Proportion of seats held by women in national parliaments (%),SG.GEN.PARL.ZS,,,
,,,,,,,,,,,,,,,,,,,,,,,,,,,,,,17.1,,,,,,,17.1,17.1,17.1,25.7,25.7,25.7,48.8,48.8,48.8,48.8,48.8,56.3,56.3,56.3,56.3,56.3,63.8,63.8,63.8,63.8,61.3,61.3,61.25,Rwanda,RWA,Proportion of seats held by women in national parliaments (%),SG.GEN.PARL.ZS,,,
,,,,,,,,,,,,,,,,,,,,,,,,,,,,,,6.336537411,,,,,,,5.76627907,6.049068685,7.005498282,8.446833464,8.104324895,9.084903581,9.179118457,9.026113249,13.27747748,12.85611374,14.28653539,18.46247326,20.05730198,20.0519802,20.34092219,20.34092219,20.04170124,19.23107158,19.31554553,19.40645029,19.408097,18.25696624,18.95639336,South Asia,SAS,Proportion of seats held by women in national parliaments (%),SG.GEN.PARL.ZS,,,
,,,,,,,,,,,,,,,,,,,,,,,,,,,,,,,,,,,,,,,,,,,0,0,0,0,0,0,0,0,0,0,19.9,19.9,19.9,19.9,19.9,19.9,19.87,Saudi Arabia,SAU,Proportion of seats held by women in national parliaments (%),SG.GEN.PARL.ZS,,,
,,,,,,,,,,,,,,,,,,,,,,,,,,,,,,,,,,,,,5.3,5.3,,,9.7,9.7,9.7,9.7,14.7,17.8,18.1,18.1,18.9,25.6,24.6,24.6,24.6,24.3,30.5,30.5,30.5,30.5,,Sudan,SDN,Proportion of seats held by women in national parliaments (%),SG.GEN.PARL.ZS,,,
,,,,,,,,,,,,,,,,,,,,,,,,,,,,,,12.5,,,,,,,11.7,12.1,12.1,12.1,16.7,19.2,19.2,19.2,19.2,19.2,22,22,22.7,22.7,22.7,42.7,42.7,43.3,42.7,42.7,41.8,41.8,41.82,Senegal,SEN,Proportion of seats held by women in national parliaments (%),SG.GEN.PARL.ZS,,,
,,,,,,,,,,,,,,,,,,,,,,,,,,,,,,4.9,,,,,,,4.8,4.8,4.3,4.3,11.8,11.8,16,16,16,21.2,24.5,24.5,23.4,23.4,22.2,24.2,24.2,25.3,23.9,23.8,23,23,23,Singapore,SGP,Proportion of seats held by women in national parliaments (%),SG.GEN.PARL.ZS,,,
,,,,,,,,,,,,,,,,,,,,,,,,,,,,,,0,,,,,,,,2,2,2,,0,0,0,0,0,0,0,0,0,0,2,2,2,2,2,2,4,4.08,Solomon Islands,SLB,Proportion of seats held by women in national parliaments (%),SG.GEN.PARL.ZS,,,
,,,,,,,,,,,,,,,,,,,,,,,,,,,,,,,,,,,,,,,8.8,8.8,8.8,,14.5,14.5,14.5,14.5,13.2,13.2,13.2,13.2,12.9,12.4,12.4,12.1,12.4,12.4,12.4,12.3,12.33,Sierra Leone,SLE,Proportion of seats held by women in national parliaments (%),SG.GEN.PARL.ZS,,,
,,,,,,,,,,,,,,,,,,,,,,,,,,,,,,11.7,,,,,,,15.5,16.7,16.7,9.5,9.5,9.5,10.7,10.7,10.7,16.7,16.7,16.7,19,19,19,26.2,26.2,27.4,32.1,32.1,32.1,31,30.95,El Salvador,SLV,Proportion of seats held by women in national parliaments (%),SG.GEN.PARL.ZS,,,
,,,,,,,,,,,,,,,,,,,,,,,,,,,,,,11.7,,,,,,,11.7,13.3,13.3,13.3,16.7,16.7,16.7,16.7,16.7,11.7,11.7,15,16.7,16.7,18.3,16.7,18.3,18.3,16.7,16.7,26.7,26.7,25,San Marino,SMR,Proportion of seats held by women in national parliaments (%),SG.GEN.PARL.ZS,,,
,,,,,,,,,,,,,,,,,,,,,,,,,,,,,,4,,,,,,,,,,,,,,,8,7.8,8.2,8.2,6.9,6.8,6.8,13.8,13.8,13.8,13.8,13.8,24.4,24.4,24.36,Somalia,SOM,Proportion of seats held by women in national parliaments (%),SG.GEN.PARL.ZS,,,
,,,,,,,,,,,,,,,,,,,,,,,,,,,,,,,,,,,,,,,,,,,,,,12,20.4,21.6,21.6,21.6,22,33.2,33.2,34,34,34,34.4,34.4,37.65,Serbia,SRB,Proportion of seats held by women in national parliaments (%),SG.GEN.PARL.ZS,,,
,,,,,,,,,,,,,,,,,,,,,,,,,,,,,,,,,,,,,10.10719612,10.85190411,,11.5090581,12.22628676,13.37324992,13.63859518,14.67142107,16.18127013,16.58526155,17.28165749,17.77779637,18.44698309,18.72452952,20.45429452,21.29513678,22.17113906,22.02233965,23.56647426,23.50485577,24.23973934,24.01470102,23.99759797,Sub-Saharan Africa (excluding high income),SSA,Proportion of seats held by women in national parliaments (%),SG.GEN.PARL.ZS,,,
,,,,,,,,,,,,,,,,,,,,,,,,,,,,,,,,,,,,,,,,,,,,,,,,,,,26.5,26.5,26.5,26.5,26.5,28.5,28.5,28.5,28.46,South Sudan,SSD,Proportion of seats held by women in national parliaments (%),SG.GEN.PARL.ZS,,,
,,,,,,,,,,,,,,,,,,,,,,,,,,,,,,,,,,,,,10.20501724,10.92459432,,11.5821736,12.28469979,13.46486214,13.71844733,14.73683867,16.2389124,16.64047649,17.30862135,17.80272972,18.46857717,18.74536704,20.54599239,21.38235437,22.25145045,22.10666747,23.64094778,23.49641589,24.22870034,24.00450955,23.98703525,Sub-Saharan Africa,SSF,Proportion of seats held by women in national parliaments (%),SG.GEN.PARL.ZS,,,
,,,,,,,,,,,,,,,,,,,,,,,,,,,,,,8.631379485,,,,,,,8.669173307,8.155560792,9.544794312,9.889519651,10.33511905,10.998999,12.28185396,12.87433453,13.52849206,12.99568093,13.91145426,14.0648824,14.03075995,13.89508659,14.3802732,15.12278226,15.30465587,15.48553382,16.94445746,17.23183044,17.73627639,18.24549618,18.87768385,Small states,SST,Proportion of seats held by women in national parliaments (%),SG.GEN.PARL.ZS,,,
,,,,,,,,,,,,,,,,,,,,,,,,,,,,,,11.8,,,,,,,7.3,7.3,9.1,9.1,9.1,,9.1,9.1,9.1,7.3,1.8,7.3,7.3,18.2,18.2,18.2,18.2,18.2,18.2,18.2,18.2,18.2,14.55,Sao Tome and Principe,STP,Proportion of seats held by women in national parliaments (%),SG.GEN.PARL.ZS,,,
,,,,,,,,,,,,,,,,,,,,,,,,,,,,,,7.8,,,,,,,15.7,15.7,15.7,,17.6,17.6,17.6,19.6,25.5,25.5,25.5,25.5,25.5,9.8,11.8,11.8,11.8,11.8,25.5,25.5,25.5,25.5,29.41,Suriname,SUR,Proportion of seats held by women in national parliaments (%),SG.GEN.PARL.ZS,,,
,,,,,,,,,,,,,,,,,,,,,,,,,,,,,,,,,,,,,14.7,14.7,12.7,14,14,17.3,19.3,16.7,16.7,20,19.3,19.3,18,15.3,16,18.7,18.7,18.7,18.7,20,20,20,20,Slovak Republic,SVK,Proportion of seats held by women in national parliaments (%),SG.GEN.PARL.ZS,,,
,,,,,,,,,,,,,,,,,,,,,,,,,,,,,,,,,,,,,7.8,7.8,7.8,,12.2,12.2,12.2,12.2,12.2,12.2,12.2,13.3,14.4,14.4,32.2,32.2,32.2,35.6,36.7,36.7,36.7,24.4,27.78,Slovenia,SVN,Proportion of seats held by women in national parliaments (%),SG.GEN.PARL.ZS,,,
,,,,,,,,,,,,,,,,,,,,,,,,,,,,,,38.4,,,,,,,40.4,40.4,42.7,42.7,42.7,45,45.3,45.3,45.3,47.3,47,47,46.4,45,44.7,44.7,44.7,44.7,43.6,43.6,43.6,46.1,47.28,Sweden,SWE,Proportion of seats held by women in national parliaments (%),SG.GEN.PARL.ZS,,,
,,,,,,,,,,,,,,,,,,,,,,,,,,,,,,3.6,,,,,,,3.1,3.1,3.1,3.1,3.1,3.1,10.8,10.8,10.8,10.8,10.8,13.8,13.6,13.6,13.6,13.6,6.2,6.2,6.2,6.2,6.2,7.2,7.25,Eswatini,SWZ,Proportion of seats held by women in national parliaments (%),SG.GEN.PARL.ZS,,,
,,,,,,,,,,,,,,,,,,,,,,,,,,,,,,,,,,,,,,,,,,,,,,,,,,,,,,,,,,,,Sint Maarten (Dutch part),SXM,Proportion of seats held by women in national parliaments (%),SG.GEN.PARL.ZS,,,
,,,,,,,,,,,,,,,,,,,,,,,,,,,,,,16,,,,,,,27.3,23.5,23.5,23.5,23.5,29.4,29.4,29.4,29.4,29.4,23.5,23.5,23.5,23.5,43.8,43.8,43.8,43.8,43.8,21.2,21.2,21.2,21.21,Seychelles,SYC,Proportion of seats held by women in national parliaments (%),SG.GEN.PARL.ZS,,,
,,,,,,,,,,,,,,,,,,,,,,,,,,,,,,9.2,,,,,,,9.6,9.6,10.4,10.4,10.4,10.4,12,12,12,12,12,12.4,12.4,12.4,12.4,12,12,12,12.4,13.2,13.2,13.2,13.2,Syrian Arab Republic,SYR,Proportion of seats held by women in national parliaments (%),SG.GEN.PARL.ZS,,,
,,,,,,,,,,,,,,,,,,,,,,,,,,,,,,,,,,,,,,,,,,,,,,,,,,,,,,,,,,,,Turks and Caicos Islands,TCA,Proportion of seats held by women in national parliaments (%),SG.GEN.PARL.ZS,,,
,,,,,,,,,,,,,,,,,,,,,,,,,,,,,,,,,,,,,2.4,2.4,2.4,2.4,2.4,,5.8,6.5,6.5,6.5,5.2,5.2,5.2,5.2,12.8,14.9,14.9,14.9,14.9,14.9,12.8,15.3,14.88,Chad,TCD,Proportion of seats held by women in national parliaments (%),SG.GEN.PARL.ZS,,,
,,,,,,,,,,,,,,,,,,,,,,,,,,,,,,16.7526373,,,,,,,,17.15468462,18.23633312,16.93229493,17.21480487,17.75400722,16.79433764,16.73272758,16.88689362,17.26870724,17.66289986,17.96408304,18.78648323,18.0844177,18.07136015,18.41880952,19.62235946,19.27962657,20.05178179,20.16011245,20.47314097,21.04347329,21.16473758,East Asia & Pacific (IDA & IBRD countries),TEA,Proportion of seats held by women in national parliaments (%),SG.GEN.PARL.ZS,,,
,,,,,,,,,,,,,,,,,,,,,,,,,,,,,,,,,,,,,7.18260978,7.695049218,,8.619493455,10.76241838,12.82909796,10.63850402,12.41608905,12.3429783,12.79498389,14.81262799,15.10279081,15.82004085,15.87837351,16.88629396,18.22629834,18.43084236,18.8653093,18.8874833,19.35430219,21.05571754,21.44713835,22.94408835,Europe & Central Asia (IDA & IBRD countries),TEC,Proportion of seats held by women in national parliaments (%),SG.GEN.PARL.ZS,,,
,,,,,,,,,,,,,,,,,,,,,,,,,,,,,,5.2,,,,,,,1.2,1.2,,4.9,4.9,4.9,7.4,6.2,7.4,8.6,11.1,11.1,11.1,11.1,11.1,11.1,15.4,17.6,17.6,17.6,17.6,17.6,16.48,Togo,TGO,Proportion of seats held by women in national parliaments (%),SG.GEN.PARL.ZS,,,
,,,,,,,,,,,,,,,,,,,,,,,,,,,,,,2.8,,,,,,,5.6,5.6,5.6,4.8,9.2,9.2,9.2,8.8,10.6,8.7,11.7,11.7,13.3,13.3,15.8,15.8,15.8,6.1,6.1,6.1,4.8,5.3,16.2,Thailand,THA,Proportion of seats held by women in national parliaments (%),SG.GEN.PARL.ZS,,,
,,,,,,,,,,,,,,,,,,,,,,,,,,,,,,,,,,,,,2.8,2.8,2.8,15,12.7,12.7,12.7,12.7,17.5,17.5,17.5,17.5,17.5,19,19,19,19,16.9,19,19,19,19,19.05,Tajikistan,TJK,Proportion of seats held by women in national parliaments (%),SG.GEN.PARL.ZS,,,
,,,,,,,,,,,,,,,,,,,,,,,,,,,,,,26,,,,,,,18,18,,26,26,26,26,,16,16,16,,16.8,16.8,16.8,16.8,16.8,26.4,25.8,25.8,25.8,24.8,25,Turkmenistan,TKM,Proportion of seats held by women in national parliaments (%),SG.GEN.PARL.ZS,,,
,,,,,,,,,,,,,,,,,,,,,,,,,,,,,,8.53947953,,,,,,,11.25332671,12.90193089,11.77587549,12.6440411,11.71530815,13.98195046,15.36664726,16.04395349,17.48605867,17.68203438,18.69439038,18.70202973,19.36191289,19.66406977,19.59484127,21.29665533,20.529324,24.07906977,24.26897077,25.49323753,26.21255944,27.19482711,28.33846834,Latin America & the Caribbean (IDA & IBRD countries),TLA,Proportion of seats held by women in national parliaments (%),SG.GEN.PARL.ZS,,,
,,,,,,,,,,,,,,,,,,,,,,,,,,,,,,,,,,,,,,,,,,,26.1,25.3,25.3,25.3,29.2,29.2,29.2,29.2,32.3,38.5,38.5,38.5,38.5,38.5,32.3,33.8,38.46,Timor-Leste,TLS,Proportion of seats held by women in national parliaments (%),SG.GEN.PARL.ZS,,,
,,,,,,,,,,,,,,,,,,,,,,,,,,,,,,3.749073693,,,,,,,3.923736934,3.506273479,3.886795972,3.873974122,3.981982982,5.678871681,6.008460305,6.968532587,6.40873965,8.638304455,8.852289604,8.773977695,9.099908229,10.98385001,10.51506024,14.16534805,16.41584266,16.75010854,16.90213536,17.55858738,16.58197412,16.96714801,17.1340597,Middle East & North Africa (IDA & IBRD countries),TMN,Proportion of seats held by women in national parliaments (%),SG.GEN.PARL.ZS,,,
,,,,,,,,,,,,,,,,,,,,,,,,,,,,,,0,,,,,,,0,0,,0,0,,0,0,3.4,3.3,3.3,3.1,3.1,0,3.6,3.6,3.6,0,0,0,3.8,7.4,7.41,Tonga,TON,Proportion of seats held by women in national parliaments (%),SG.GEN.PARL.ZS,,,
,,,,,,,,,,,,,,,,,,,,,,,,,,,,,,6.336537411,,,,,,,5.76627907,6.049068685,7.005498282,8.446833464,8.104324895,9.084903581,9.179118457,9.026113249,13.27747748,12.85611374,14.28653539,18.46247326,20.05730198,20.0519802,20.34092219,20.34092219,20.04170124,19.23107158,19.31554553,19.40645029,19.408097,18.25696624,18.95639336,South Asia (IDA & IBRD),TSA,Proportion of seats held by women in national parliaments (%),SG.GEN.PARL.ZS,,,
,,,,,,,,,,,,,,,,,,,,,,,,,,,,,,,,,,,,,10.20501724,10.92459432,,11.5821736,12.28469979,13.46486214,13.71844733,14.73683867,16.2389124,16.64047649,17.30862135,17.80272972,18.46857717,18.74536704,20.54599239,21.38235437,22.25145045,22.10666747,23.64094778,23.49641589,24.22870034,24.00450955,23.98703525,Sub-Saharan Africa (IDA & IBRD countries),TSS,Proportion of seats held by women in national parliaments (%),SG.GEN.PARL.ZS,,,
,,,,,,,,,,,,,,,,,,,,,,,,,,,,,,16.7,,,,,,,11.1,11.1,11.1,,11.1,19.4,19.4,19.4,19.4,19.4,26.8,26.8,26.8,28.6,28.6,28.6,28.6,28.6,31,31,31,31,30.95,Trinidad and Tobago,TTO,Proportion of seats held by women in national parliaments (%),SG.GEN.PARL.ZS,,,
,,,,,,,,,,,,,,,,,,,,,,,,,,,,,,4.3,,,,,,,6.7,7.4,11.5,11.5,11.5,11.5,11.5,22.8,22.8,22.8,22.8,22.8,27.6,27.6,26.7,26.7,26.7,31.3,31.3,31.3,31.3,31.3,35.94,Tunisia,TUN,Proportion of seats held by women in national parliaments (%),SG.GEN.PARL.ZS,,,
,,,,,,,,,,,,,,,,,,,,,,,,,,,,,,1.3,,,,,,,2.4,2.4,4.2,4.2,4.2,,4.4,4.4,4.4,4.4,9.1,9.1,9.1,9.1,14.2,14.2,14.4,14.4,14.9,14.9,14.6,17.4,17.45,Turkey,TUR,Proportion of seats held by women in national parliaments (%),SG.GEN.PARL.ZS,,,
,,,,,,,,,,,,,,,,,,,,,,,,,,,,,,7.7,,,,,,,8.3,,0,0,0,,0,0,0,0,0,0,0,0,6.7,6.7,6.7,6.7,6.7,6.7,6.7,6.7,6.25,Tuvalu,TUV,Proportion of seats held by women in national parliaments (%),SG.GEN.PARL.ZS,,,
,,,,,,,,,,,,,,,,,,,,,,,,,,,,,,,,,,,,,17.5,17.5,16.4,,22.3,22.3,21.4,21.4,30.4,30.4,30.4,30.4,30.7,,36,36,36,36,36,36.6,36.4,37.2,36.9,Tanzania,TZA,Proportion of seats held by women in national parliaments (%),SG.GEN.PARL.ZS,,,
,,,,,,,,,,,,,,,,,,,,,,,,,,,,,,12.2,,,,,,,18.1,18.1,17.9,17.8,24.7,24.7,24.7,23.9,23.9,29.8,30.7,30.7,31.5,31.3,35,35,35,35,35,33.5,34.3,34.3,34.86,Uganda,UGA,Proportion of seats held by women in national parliaments (%),SG.GEN.PARL.ZS,,,
,,,,,,,,,,,,,,,,,,,,,,,,,,,,,,,,,,,,,3.8,,7.8,7.8,7.8,,5.3,5.3,5.3,8.7,8.2,8.2,8,8,8,9.4,9.4,11.7,12.1,12,12.3,12.3,20.52,Ukraine,UKR,Proportion of seats held by women in national parliaments (%),SG.GEN.PARL.ZS,,,
,,,,,,,,,,,,,,,,,,,,,,,,,,,,,,15.14131422,,,,,,,,14.06753141,14.24942293,14.44323207,14.35341835,15.44850109,15.51554217,16.40489748,15.79861066,16.55292468,17.47337157,18.02538589,18.68090248,18.69786754,19.35283384,20.95067075,21.56412256,22.11205889,22.36631998,23.15945336,23.65078626,24.55019496,25.1653845,Upper middle income,UMC,Proportion of seats held by women in national parliaments (%),SG.GEN.PARL.ZS,,,
,,,,,,,,,,,,,,,,,,,,,,,,,,,,,,6.1,,,,,,,7.1,7.1,12.1,12.1,12.1,12.1,12.1,12.1,11.1,11.1,12.1,12.1,14.1,15.2,12.1,12.1,12.1,16.2,16.2,16.2,20.2,20.2,22.22,Uruguay,URY,Proportion of seats held by women in national parliaments (%),SG.GEN.PARL.ZS,,,
,,,,,,,,,,,,,,,,,,,,,,,,,,,,,,6.6,,,,,,,11.7,11.7,13.3,,14,13.8,14.3,14.9,15.2,16.3,16.8,17,16.8,16.8,16.8,18,17.9,19.3,19.4,19.4,19.4,19.6,23.5,United States,USA,Proportion of seats held by women in national parliaments (%),SG.GEN.PARL.ZS,,,
,,,,,,,,,,,,,,,,,,,,,,,,,,,,,,,,,,,,,6,6,,7.2,7.2,7.2,7.2,17.5,17.5,17.5,17.5,17.5,22,22,22,22,22,22,16,16,16,16,16,Uzbekistan,UZB,Proportion of seats held by women in national parliaments (%),SG.GEN.PARL.ZS,,,
,,,,,,,,,,,,,,,,,,,,,,,,,,,,,,9.5,,,,,,,9.5,,4.8,4.8,,22.7,22.7,22.7,18.2,18.2,18.2,18.2,21.7,14.3,17.4,17.4,13,13,13,13,13,13,13.04,St. Vincent and the Grenadines,VCT,Proportion of seats held by women in national parliaments (%),SG.GEN.PARL.ZS,,,
,,,,,,,,,,,,,,,,,,,,,,,,,,,,,,10,,,,,,,5.9,5.9,12.1,,9.7,9.7,9.7,9.7,17.4,18,18.6,18.6,17.5,17,17,17,17,17,17,14.4,22.2,22.2,22.16,"Venezuela, RB",VEN,Proportion of seats held by women in national parliaments (%),SG.GEN.PARL.ZS,,,
,,,,,,,,,,,,,,,,,,,,,,,,,,,,,,,,,,,,,,,,,,,,,,,,,,,,,,,,,,,,British Virgin Islands,VGB,Proportion of seats held by women in national parliaments (%),SG.GEN.PARL.ZS,,,
,,,,,,,,,,,,,,,,,,,,,,,,,,,,,,,,,,,,,,,,,,,,,,,,,,,,,,,,,,,,Virgin Islands (U.S.),VIR,Proportion of seats held by women in national parliaments (%),SG.GEN.PARL.ZS,,,
,,,,,,,,,,,,,,,,,,,,,,,,,,,,,,17.7,,,,,,,26.2,26.2,26,26,26,27.3,27.3,27.3,27.3,27.3,25.8,25.8,25.8,25.8,24.4,24.4,24.4,24.3,24.3,26.7,26.7,26.7,26.72,Vietnam,VNM,Proportion of seats held by women in national parliaments (%),SG.GEN.PARL.ZS,,,
,,,,,,,,,,,,,,,,,,,,,,,,,,,,,,4.3,,,,,,,,,0,0,0,1.9,1.9,3.8,3.8,3.8,3.8,3.8,3.8,3.8,1.9,0,0,0,0,0,0,0,0,Vanuatu,VUT,Proportion of seats held by women in national parliaments (%),SG.GEN.PARL.ZS,,,
,,,,,,,,,,,,,,,,,,,,,,,,,,,,,,12.73330783,,,,,,,11.69164845,13.06727802,13.51831246,13.90517836,14.08638571,15.16407037,15.17573878,15.89743916,16.48182213,16.97767633,17.87018288,18.44565439,19.028457,19.15964286,19.82915925,20.75718787,21.76572434,22.18443809,22.85216588,23.02033477,23.65062513,23.96870428,24.58409761,World,WLD,Proportion of seats held by women in national parliaments (%),SG.GEN.PARL.ZS,,,
,,,,,,,,,,,,,,,,,,,,,,,,,,,,,,0,,,,,,,4.1,4.1,8.2,8.2,6.1,6.1,6.1,6.1,6.1,6.1,8.2,8.2,8.2,8.2,4.1,4.1,4.1,6.1,6.1,10,10,10,10,Samoa,WSM,Proportion of seats held by women in national parliaments (%),SG.GEN.PARL.ZS,,,
,,,,,,,,,,,,,,,,,,,,,,,,,,,,,,,,,,,,,,,,,,,,,,,,,,,,,,,,,,,,Kosovo,XKX,Proportion of seats held by women in national parliaments (%),SG.GEN.PARL.ZS,,,
,,,,,,,,,,,,,,,,,,,,,,,,,,,,,,4.1,,,,,,,,0.7,0.7,0.7,0.7,0.7,0.3,0.3,0.3,0.3,0.3,0.3,0.3,0.3,0.3,0.3,0.3,0.3,0,0,0,0,0.33,"Yemen, Rep.",YEM,Proportion of seats held by women in national parliaments (%),SG.GEN.PARL.ZS,,,
,,,,,,,,,,,,,,,,,,,,,,,,,,,,,,2.8,,,,,,,25,28.8,30,29.8,29.8,29.8,29.8,32.8,32.8,32.8,33,33,44.5,44.5,42.3,42.3,42.3,41.5,42,41.8,42,42.3,45.71,South Africa,ZAF,Proportion of seats held by women in national parliaments (%),SG.GEN.PARL.ZS,,,
,,,,,,,,,,,,,,,,,,,,,,,,,,,,,,6.6,,,,,,,9.7,10.3,10.1,10.1,10.1,12,12,12,12.7,14.6,15.2,15.2,14,14,11.5,11.5,11.5,10.8,12.7,18,18,18,17.96,Zambia,ZMB,Proportion of seats held by women in national parliaments (%),SG.GEN.PARL.ZS,,,
,,,,,,,,,,,,,,,,,,,,,,,,,,,,,,11,,,,,,,14.7,14.7,14,9.3,10,10,10,10,16,16.7,16,15.2,15,15,15,15,31.5,31.5,31.5,31.5,32.6,31.5,31.85,Zimbabwe,ZWE,Proportion of seats held by women in national parliaments (%),SG.GEN.PARL.ZS,,,
